datasheet_id|line|description|cost|
000000001|1|1 model|85|
000000002|1|1 model|80|
000000003|1|1 model|75|
000000004|1|1 model|65|
000000006|1|1 model|80|
000000007|1|1 model|105|
000000008|1|2 models|235|
000000009|1|1 model|80|
000000010|1|1 model|90|
000000011|1|1 model|75|
000000012|1|1 model|55|
000000013|1|1 model|90|
000000014|1|1 model|85|
000000015|1|1 model|65|
000000019|1|1 Spanner and 4 Burna Boyz|60|
000000019|2|2 Spanners and 8 Burna Boyz|120|
000000022|1|1 model|70|
000000023|1|3 models|125|
000000025|1|10 models|120|
000000027|1|5 models|65|
000000027|2|10 models|130|
000000028|1|3 models|75|
000000028|2|6 models|140|
000000029|1|1 model|125|
000000030|1|1 model|115|
000000031|1|1 model|105|
000000032|1|1 model|165|
000000033|1|3 models|60|
000000033|2|6 models|120|
000000035|1|1 model|45|
000000035|2|2 models|90|
000000036|1|1 model|40|
000000036|2|2 models|80|
000000037|1|1 model|20|
000000037|2|2 models|40|
000000039|1|1 model|145|
000000049|1|4 models|155|
000000049|2|8 models|310|
000000050|1|1 model|110|
000000051|1|1 model|150|
000000052|1|1 model|210|
000000053|1|1 model|135|
000000054|1|1 model|90|
000000055|1|1 model|115|
000000056|1|1 model|295|
000000057|1|1 model|105|
000000060|1|1 model|70|
000000061|1|5 models|95|
000000061|2|10 models|190|
000000063|1|1 model|65|
000000064|1|5 models|115|
000000064|2|10 models|230|
000000067|1|1 model|250|
000000068|1|3 models|85|
000000070|1|10 models|140|
000000072|1|1 model|215|
000000073|1|1 model|80|
000000076|1|1 model|95|
000000079|1|1 model|75|
000000083|1|1 model|75|
000000084|1|1 model|155|
000000085|1|1 model|95|
000000086|1|1 model|75|
000000086|2|2 models|150|
000000092|1|1 model|180|
000000093|1|1 model|320|
000000094|1|1 model|70|
000000095|1|4 models|155|
000000096|1|1 model|250|
000000097|1|1 model|175|
000000098|1|1 model|30|
000000098|2|2 models|60|
000000098|3|3 models|90|
000000099|1|1 model|70|
000000104|1|5 models|200|
000000104|2|10 models|400|
000000107|1|1 model|110|
000000110|1|1 model|90|
000000111|1|1 model|130|
000000112|1|1 model|75|
000000113|1|1 model|250|
000000115|1|1 model|75|
000000116|1|3 models|80|
000000116|2|6 models|160|
000000116|3|Attack Bike|+55|
000000117|1|1 model|135|
000000118|1|5 models|155|
000000118|2|10 models|310|
000000119|1|1 model|70|
000000120|1|1 model|165|
000000121|1|1 model|105|
000000122|1|1 model|75|
000000123|1|1 model|160|
000000126|1|5 models|85|
000000126|2|10 models|180|
000000127|1|1 model|85|
000000131|1|1 model|160|
000000132|1|1 model|70|
000000134|1|4 models|55|
000000135|1|1 model|85|
000000137|1|3 models|75|
000000137|2|6 models|150|
000000138|1|1 model|355|
000000139|1|1 model|840|
000000140|1|1 model|55|
000000146|1|1 model|100|
000000148|1|1 model|40|
000000151|1|1 model|125|
000000152|1|1 model|75|
000000153|1|1 model|90|
000000154|1|1 model|170|
000000155|1|1 model|110|
000000156|1|1 model|130|
000000157|1|1 model|85|
000000159|1|1 model|135|
000000160|1|1 model|75|
000000164|1|1 model|100|
000000167|1|1 model|150|
000000169|1|1 model|90|
000000218|1|1 model|140|
000000219|1|1 model|75|
000000225|1|1 model|70|
000000226|1|1 model|75|
000000230|1|5 models|165|
000000230|2|10 models|330|
000000238|1|1 model|70|
000000239|1|1 model|180|
000000240|1|1 model|200|
000000243|1|1 model|480|
000000282|1|1 model|100|
000000283|1|1 model|180|
000000284|1|1 model|100|
000000285|1|1 model|90|
000000286|1|1 model|65|
000000287|1|1 model|85|
000000288|1|1 model|75|
000000292|1|1 model|75|
000000297|1|1 model|70|
000000300|1|1 model|75|
000000301|1|1 model|80|
000000302|1|1 model|160|
000000303|1|10 models|135|
000000303|2|20 models|270|
000000304|1|1 model|50|
000000305|1|10 models|165|
000000306|1|1 model|50|
000000308|1|1 model|95|
000000310|1|5 models|80|
000000310|2|10 models|160|
000000314|1|1 model|150|
000000315|1|5 models|85|
000000315|2|10 models|170|
000000317|1|1 model|95|
000000321|1|1 model|250|
000000324|1|5 models|90|
000000324|2|10 models|165|
000000324|3|15 models|240|
000000325|1|1 model|300|
000000326|1|5 models|120|
000000326|2|6 models|145|
000000358|1|1 model|180|
000000373|1|1 model|125|
000000374|1|1 model|125|
000000375|1|1 model|95|
000000376|1|1 model|95|
000000377|1|1 model|90|
000000379|1|1 model|70|
000000380|1|1 model|100|
000000381|1|5 models|115|
000000381|2|10 models|230|
000000390|1|1 model|160|
000000397|1|4 models|50|
000000399|1|1 model|70|
000000402|1|1 model|95|
000000403|1|4 models|70|
000000403|2|8 models|140|
000000403|3|12 models|210|
000000404|1|1 model|50|
000000405|1|1 model|50|
000000406|1|1 model|70|
000000407|1|1 model|100|
000000408|1|1 model|50|
000000409|1|3 models|65|
000000410|1|1 model|60|
000000411|1|10 models|70|
000000412|1|10 models|90|
000000413|1|10 models|65|
000000413|2|20 models|130|
000000414|1|1 model|45|
000000414|2|2 models|60|
000000414|3|3 models|90|
000000415|1|5 models|45|
000000415|2|10 models|65|
000000418|1|3 models|200|
000000418|2|6 models|400|
000000425|1|1 model|160|
000000426|1|1 model|150|
000000427|1|5 models|70|
000000427|2|10 models|115|
000000428|1|1 model|55|
000000430|1|1 model|140|
000000431|1|1 model|140|
000000435|1|1 model|85|
000000437|1|1 model|90|
000000439|1|1 model|80|
000000443|1|1 model|55|
000000443|2|2 models|110|
000000444|1|1 model|210|
000000445|1|1 model|200|
000000447|1|2 models|80|
000000447|2|4 models|160|
000000448|1|1 model|60|
000000449|1|2 models|45|
000000452|1|2 models|160|
000000453|1|1 model|220|
000000456|1|1 model|275|
000000457|1|1 model|100|
000000458|1|1 model|50|
000000459|1|1 model|50|
000000460|1|1 model|195|
000000461|1|1 model|210|
000000462|1|1 model|140|
000000463|1|1 model|80|
000000465|1|1 model|160|
000000468|1|10 models|60|
000000468|2|20 models|110|
000000469|1|10 models|70|
000000469|2|20 models|120|
000000470|1|1 model|30|
000000470|2|2 models|40|
000000470|3|3 models|50|
000000471|1|3 models|80|
000000471|2|6 models|160|
000000473|1|1 model|60|
000000475|1|3 models|90|
000000475|2|6 models|200|
000000476|1|3 models|55|
000000476|2|6 models|110|
000000479|1|1 model|80|
000000483|1|3 models|60|
000000484|1|10 models|80|
000000484|2|20 models|155|
000000485|1|1 model|185|
000000486|1|1 model|170|
000000487|1|1 model|30|
000000487|2|2 models|60|
000000488|1|3 models|55|
000000488|2|6 models|110|
000000490|1|1 model|90|
000000490|2|2 models|180|
000000491|1|1 model|60|
000000491|2|2 models|100|
000000491|3|3 models|140|
000000493|1|1 model|140|
000000494|1|1 model|135|
000000497|1|1 model|120|
000000498|1|1 model|145|
000000499|1|1 model|75|
000000500|1|1 model|200|
000000503|1|1 model|340|
000000506|1|1 model|330|
000000507|1|1 model|80|
000000508|1|1 model|50|
000000509|1|1 model|70|
000000510|1|1 model|50|
000000511|1|5 models|70|
000000511|2|10 models|130|
000000512|1|10 models|70|
000000512|2|20 models|135|
000000522|1|1 model|100|
000000523|1|1 model|90|
000000524|1|1 model|65|
000000527|1|1 model|85|
000000528|1|1 model|85|
000000530|1|1 model|90|
000000531|1|1 model|95|
000000532|1|1 model|65|
000000533|1|1 model|120|
000000534|1|10 models|80|
000000534|2|20 models|190|
000000535|1|5 models|70|
000000535|2|10 models|140|
000000536|1|5 models|80|
000000536|2|10 models|160|
000000538|1|5 models|55|
000000538|2|10 models|100|
000000539|1|5 models|80|
000000539|2|10 models|160|
000000541|1|1 model|360|
000000542|1|1 model|330|
000000543|1|1 model|100|
000000544|1|1 model|125|
000000545|1|1 model|200|
000000551|1|1 model|65|
000000551|2|2 models|110|
000000553|1|1 model|95|
000000558|1|1 model|130|
000000559|1|3 models|85|
000000559|2|6 models|170|
000000560|1|1 model|115|
000000561|1|1 model|140|
000000562|1|1 model|120|
000000564|1|1 model|130|
000000567|1|1 model|210|
000000568|1|1 model|130|
000000569|1|1 model|100|
000000570|1|1 model|70|
000000571|1|1 model|135|
000000572|1|1 model|105|
000000573|1|1 model|90|
000000574|1|1 model|130|
000000575|1|1 model|125|
000000576|1|1 model|100|
000000577|1|1 model|75|
000000580|1|1 model|90|
000000581|1|1 model|250|
000000582|1|1 model|65|
000000583|1|1 model|60|
000000584|1|2 models|55|
000000584|2|4 models|120|
000000585|1|1 model|45|
000000587|1|1 model|55|
000000587|2|2 models|90|
000000588|1|1 model|55|
000000589|1|11 models|90|
000000590|1|11 models|110|
000000591|1|3 models|80|
000000591|2|6 models|170|
000000592|1|5 models|60|
000000592|2|10 models|110|
000000593|1|5 models|75|
000000593|2|10 models|150|
000000594|1|5 models|85|
000000594|2|10 models|165|
000000595|1|5 models|75|
000000595|2|10 models|145|
000000597|1|5 models|145|
000000598|1|5 models|140|
000000602|1|3 models|100|
000000602|2|6 models|200|
000000603|1|1 model|160|
000000605|1|1 model|75|
000000605|2|2 models|140|
000000606|1|1 model|155|
000000607|1|5 models|100|
000000607|2|10 models|210|
000000609|1|1 model|130|
000000610|1|1 model|150|
000000612|1|1 model|85|
000000612|2|2 models|160|
000000613|1|1 model|125|
000000615|1|5 Shadow Spectres|115|
000000615|2|10 Shadow Spectres|230|
000000615|3|Shadow Spectre Exarch|+30|
000000616|1|1 model|95|
000000617|1|1 model|160|
000000618|1|1 model|100|
000000619|1|1 model|145|
000000620|1|1 model|180|
000000621|1|1 model|410|
000000622|1|1 model|415|
000000623|1|1 model|150|
000000624|1|1 model|175|
000000625|1|1 model|430|
000000626|1|1 model|460|
000000627|1|1 model|490|
000000628|1|1 model|100|
000000629|1|3 models|105|
000000629|2|4 models|140|
000000629|3|6 models|210|
000000629|4|7 models|245|
000000630|1|1 model|105|
000000631|1|1 model|100|
000000632|1|5 models|125|
000000632|2|6 models|150|
000000632|3|10 models|250|
000000632|4|11 models|275|
000000633|1|5 models|125|
000000633|2|6 models|150|
000000633|3|10 models|250|
000000633|4|11 models|275|
000000634|1|1 model|80|
000000639|1|1 model|50|
000000640|1|1 model|80|
000000641|1|1 model|50|
000000642|1|1 model|80|
000000643|1|1 model|85|
000000644|1|10 models|110|
000000646|1|10 models|90|
000000650|1|5 models|60|
000000650|2|8 models|100|
000000650|3|10 models|120|
000000651|1|3 models|80|
000000651|2|6 models|170|
000000652|1|7 models|135|
000000660|1|1 model|170|
000000661|1|1 model|245|
000000664|1|1 model|55|
000000664|2|2 models|100|
000000666|1|1 model|115|
000000667|1|1 model|230|
000000686|1|3 models|65|
000000690|1|1 model|55|
000000690|2|2 models|100|
000000691|1|1 model|65|
000000691|2|2 models|120|
000000696|1|1 model|90|
000000713|1|1 model|55|
000000714|1|1 model|40|
000000716|1|1 model|30|
000000722|1|3 models|60|
000000722|2|6 models|120|
000000724|1|5 models|60|
000000724|2|10 models|100|
000000725|1|1 model|60|
000000728|1|1 model|80|
000000729|1|1 model|80|
000000730|1|1 model|110|
000000731|1|1 model|40|
000000733|1|1 model|80|
000000735|1|1 model|95|
000000736|1|1 model|50|
000000737|1|1 model|50|
000000739|1|1 model|105|
000000740|1|1 model|160|
000000743|1|1 model|120|
000000744|1|1 model|115|
000000745|1|1 model|50|
000000746|1|1 model|50|
000000747|1|1 model|95|
000000751|1|1 model|270|
000000752|1|1 model|310|
000000753|1|1 model|250|
000000754|1|1 model|235|
000000755|1|1 model|95|
000000756|1|1 model|125|
000000757|1|1 model|35|
000000757|2|2 models|70|
000000757|3|3 models|105|
000000758|1|1 model|45|
000000758|2|2 models|90|
000000759|1|1 model|55|
000000760|1|1 model|180|
000000762|1|1 model|40|
000000762|2|2 models|80|
000000762|3|3 models|120|
000000763|1|1 model|415|
000000764|1|1 model|480|
000000766|1|1 model|180|
000000767|1|1 model|325|
000000768|1|1 model|275|
000000769|1|1 model|310|
000000770|1|1 model|310|
000000771|1|1 model|285|
000000772|1|1 model|310|
000000773|1|1 model|345|
000000774|1|1 model|375|
000000775|1|1 model|225|
000000776|1|1 model|275|
000000777|1|1 model|285|
000000778|1|1 model|120|
000000779|1|1 model|95|
000000780|1|1 model|130|
000000781|1|1 model|130|
000000783|1|1 model|255|
000000784|1|1 model|225|
000000786|1|1 model|220|
000000838|1|1 model|220|
000000839|1|1 model|65|
000000840|1|1 model|55|
000000841|1|3 models|150|
000000841|2|6 models|310|
000000842|1|3 models|100|
000000842|2|6 models|200|
000000843|1|5 models|70|
000000843|2|10 models|140|
000000846|1|1 model|25|
000000847|1|4 models|50|
000000848|1|10 models|85|
000000849|1|10 models|85|
000000853|1|1 model|60|
000000853|2|2 models|120|
000000853|3|3 models|170|
000000854|1|1 model|155|
000000867|1|1 model|100|
000000868|1|1 model|200|
000000869|1|1 model|500|
000000871|1|1 model|100|
000000873|1|1 model|85|
000000874|1|1 model|65|
000000875|1|1 model|140|
000000889|1|1 model|60|
000000894|1|2 models|40|
000000894|2|4 models|80|
000000895|1|2 models|55|
000000895|2|4 models|110|
000000896|1|3 models|50|
000000896|2|10 models|140|
000000897|1|1 model|70|
000000897|2|2 models|140|
000000898|1|3 models|150|
000000899|1|1 model|60|
000000900|1|1 model|55|
000000902|1|1 model|40|
000000903|1|10 models|100|
000000907|1|5 models|70|
000000907|2|10 models|140|
000000914|1|1 model|275|
000000917|1|1 model|140|
000000918|1|1 model|260|
000000919|1|1 model|225|
000000920|1|1 model|550|
000000921|1|1 model|525|
000000922|1|1 model|155|
000000923|1|1 model|125|
000000924|1|1 model|295|
000000925|1|1 model|130|
000000926|1|1 model|90|
000000928|1|2 models|100|
000000929|1|1 model|90|
000000930|1|1 model|85|
000000931|1|1 model|95|
000000932|1|1 model|115|
000000933|1|1 model|100|
000000934|1|1 model|90|
000000935|1|1 model|100|
000000936|1|3 models|65|
000000937|1|1 model|165|
000000938|1|1 model|60|
000000939|1|1 model|80|
000000940|1|1 model|75|
000000941|1|1 model|80|
000000942|1|1 model|80|
000000943|1|1 model|85|
000000944|1|1 model|60|
000000946|1|10 models|50|
000000946|2|20 models|90|
000000947|1|5 models|175|
000000947|2|10 models|350|
000000954|1|1 model|130|
000000955|1|3 models|185|
000000957|1|3 models|70|
000000957|2|6 models|130|
000000960|1|2 models|60|
000000961|1|1 model|175|
000000968|1|1 model|130|
000001021|1|1 model|110|
000001023|1|2 models|65|
000001024|1|1 model|175|
000001031|1|1 model|455|
000001032|1|1 model|100|
000001033|1|1 model|90|
000001034|1|10 models|75|
000001034|2|20 models|145|
000001036|1|1 model|170|
000001037|1|1 model|65|
000001038|1|1 model|85|
000001041|1|1 model|70|
000001043|1|10 models|50|
000001043|2|20 models|100|
000001044|1|5 models|90|
000001044|2|7 models|125|
000001044|3|10 models|180|
000001045|1|5 models|155|
000001045|2|10 models|310|
000001046|1|1 model|110|
000001048|1|2 models|80|
000001052|1|1 model|195|
000001053|1|1 model|100|
000001054|1|1 model|120|
000001055|1|1 model|60|
000001056|1|10 models|65|
000001056|2|20 models|130|
000001058|1|1 model|60|
000001104|1|1 model|70|
000001105|1|1 model|315|
000001106|1|1 model|85|
000001112|1|5 models|75|
000001112|2|10 models|150|
000001114|1|10 models|110|
000001116|1|1 model|90|
000001117|1|1 model|305|
000001118|1|1 model|105|
000001119|1|1 model|75|
000001125|1|3 models|65|
000001125|2|6 models|130|
000001126|1|1 model|65|
000001127|1|3 models|80|
000001127|2|6 models|160|
000001128|1|1 model|115|
000001129|1|1 model|80|
000001132|1|10 models|115|
000001133|1|3 models|45|
000001133|2|6 models|90|
000001134|1|1 model|75|
000001134|2|2 models|140|
000001135|1|3 models|110|
000001135|2|6 models|220|
000001136|1|1 model|95|
000001138|1|1 model|60|
000001139|1|1 model|70|
000001141|1|1 model|140|
000001142|1|10 models|90|
000001143|1|3 models|90|
000001143|2|6 models|180|
000001144|1|1 model|80|
000001144|2|2 models|160|
000001145|1|5 models|80|
000001145|2|10 models|155|
000001146|1|1 model|65|
000001146|2|2 models|130|
000001147|1|1 model|115|
000001148|1|1 model|390|
000001149|1|1 model|165|
000001150|1|5 models|40|
000001150|2|10 models|80|
000001153|1|1 model|270|
000001154|1|5 models|120|
000001154|2|10 models|240|
000001156|1|1 model|125|
000001157|1|5 models|80|
000001157|2|10 models|150|
000001158|1|1 model|60|
000001161|1|1 model|160|
000001162|1|1 model|70|
000001163|1|1 model|180|
000001164|1|2 models|90|
000001165|1|1 model|40|
000001166|1|2 models|110|
000001166|2|5 models|275|
000001167|1|1 model|60|
000001168|1|1 model|95|
000001169|1|1 model|95|
000001172|1|1 model|80|
000001174|1|1 model|60|
000001175|1|1 model|240|
000001177|1|5 models|100|
000001177|2|10 models|200|
000001178|1|1 model|175|
000001179|1|1 model|900|
000001182|1|1 model|90|
000001183|1|5 models|160|
000001183|2|10 models|320|
000001184|1|1 model|285|
000001185|1|1 model|160|
000001189|1|1 model|540|
000001190|1|1 model|165|
000001192|1|1 model|150|
000001193|1|3 models|175|
000001193|2|6 models|350|
000001199|1|1 model|130|
000001237|1|1 model|185|
000001293|1|1 model|160|
000001294|1|1 model|150|
000001295|1|1 model|165|
000001297|1|1 model|400|
000001298|1|1 model|500|
000001302|1|1 model|115|
000001310|1|1 model|115|
000001311|1|1 model|300|
000001317|1|1 model|115|
000001318|1|1 model|140|
000001321|1|1 model|840|
000001329|1|1 model|415|
000001332|1|1 model|320|
000001333|1|1 model|315|
000001336|1|3 models|120|
000001337|1|3 models|160|
000001338|1|1 model|145|
000001339|1|1 model|130|
000001340|1|1 model|275|
000001344|1|1 model|75|
000001345|1|1 model|45|
000001346|1|1 model|45|
000001347|1|1 model|250|
000001348|1|1 model|80|
000001355|1|1 model|70|
000001362|1|1 model|65|
000001363|1|1 model|160|
000001364|1|1 model|170|
000001367|1|1 model|65|
000001368|1|1 model|60|
000001369|1|1 model|50|
000001370|1|1 model|60|
000001372|1|3 models|115|
000001372|2|5 models|185|
000001372|3|10 models|370|
000001374|1|1 model|100|
000001374|2|2 models|200|
000001377|1|1 model|390|
000001383|1|3 models|110|
000001385|1|1 model|50|
000001386|1|1 model|100|
000001387|1|1 model|100|
000001388|1|1 model|250|
000001389|1|1 model|230|
000001390|1|1 model|170|
000001391|1|3 models|110|
000001392|1|1 model|100|
000001393|1|1 model|115|
000001394|1|1 model|35|
000001396|1|1 model|45|
000001397|1|4 models|35|
000001398|1|1 model|40|
000001400|1|1 model|45|
000001406|1|1 model|55|
000001423|1|1 model|105|
000001446|1|1 model|135|
000001447|1|1 model|110|
000001448|1|1 model|130|
000001449|1|1 model|140|
000001453|1|2 models|110|
000001453|2|3 models|165|
000001453|3|5 models|275|
000001453|4|6 models|330|
000001454|1|2 models|145|
000001454|2|3 models|215|
000001455|1|1 model|65|
000001456|1|1 model|85|
000001462|1|1 model|60|
000001463|1|1 model|95|
000001464|1|1 model|70|
000001465|1|1 model|280|
000001466|1|1 model|120|
000001467|1|1 model|55|
000001468|1|1 model|55|
000001469|1|1 model|60|
000001470|1|1 model|100|
000001472|1|1 model|65|
000001474|1|3 models|50|
000001474|2|6 models|90|
000001477|1|1 model|80|
000001478|1|1 model|80|
000001481|1|1 model|140|
000001482|1|1 model|140|
000001484|1|1 model|415|
000001523|1|5 models|75|
000001523|2|10 models|150|
000001524|1|1 model|75|
000001525|1|5 models|65|
000001525|2|10 models|130|
000001526|1|5 models|50|
000001526|2|10 models|100|
000001527|1|1 model|110|
000001533|1|1 model|200|
000001537|1|1 model|70|
000001538|1|1 model|70|
000001539|1|1 model|70|
000001540|1|1 model|70|
000001541|1|1 model|75|
000001542|1|1 model|85|
000001545|1|1 model|80|
000001553|1|1 model|50|
000001556|1|1 model|90|
000001558|1|3 models|195|
000001558|2|6 models|390|
000001560|1|3 models|225|
000001560|2|6 models|450|
000001562|1|1 model|100|
000001563|1|5 models|225|
000001565|1|1 model|55|
000001567|1|1 model|50|
000001568|1|1 model|35|
000001569|1|1 model|65|
000001570|1|1 model|60|
000001571|1|1 model|60|
000001572|1|1 model|50|
000001576|1|1 model|125|
000001579|1|1 model|65|
000001580|1|1 model|60|
000001581|1|1 model|60|
000001583|1|1 model|160|
000001584|1|1 model|70|
000001587|1|1 model|125|
000001588|1|1 model|105|
000001589|1|1 model|60|
000001596|1|2 models|50|
000001598|1|1 model|75|
000001600|1|1 model|60|
000001601|1|4 models|55|
000001603|1|4 models|35|
000001604|1|10 models|60|
000001606|1|5 models|75|
000001606|2|10 models|150|
000001607|1|1 model|230|
000001608|1|1 model|220|
000001609|1|1 model|290|
000001611|1|1 model|85|
000001630|1|1 model|85|
000001647|1|1 model|100|
000001648|1|1 model|315|
000001649|1|1 model|120|
000001651|1|1 model|160|
000001666|1|1 model|420|
000001668|1|3 models|75|
000001822|1|1 model|40|
000001991|1|1 model|200|
000001993|1|1 model|40|
000001994|1|1 model|160|
000002063|1|1 model|245|
000002064|1|1 model|105|
000002067|1|1 model|70|
000002067|2|2 models|130|
000002068|1|1 model|170|
000002076|1|1 model|55|
000002076|2|2 models|110|
000002076|3|3 models|165|
000002077|1|1 model|600|
000002080|1|1 model|55|
000002081|1|3 models|55|
000002081|2|6 models|100|
000002082|1|3 models|60|
000002082|2|6 models|110|
000002085|1|1 model|145|
000002086|1|1 model|185|
000002087|1|1 model|160|
000002088|1|1 model|55|
000002092|1|1 model|175|
000002093|1|1 model|70|
000002098|1|5 models|110|
000002098|2|10 models|220|
000002100|1|1 model|80|
000002102|1|1 model|100|
000002103|1|5 models|165|
000002105|1|1 model|100|
000002108|1|1 model|55|
000002111|1|2 models|60|
000002112|1|1 model|75|
000002114|1|3 models|40|
000002114|2|6 models|80|
000002115|1|1 model|140|
000002202|1|5 models|120|
000002202|2|10 models|200|
000002234|1|1 model|55|
000002252|1|1 model|300|
000002255|1|5 models|100|
000002255|2|10 models|200|
000002258|1|1 model|140|
000002267|1|1 model|95|
000002268|1|1 model|115|
000002269|1|1 model|160|
000002291|1|1 model|95|
000002296|1|1 model|70|
000002302|1|5 models|200|
000002302|2|10 models|400|
000002350|1|1 model|50|
000002351|1|1 model|70|
000002353|1|1 model|55|
000002355|1|1 model|75|
000002357|1|1 model|345|
000002360|1|3 models|420|
000002361|1|1 model|60|
000002361|2|2 models|120|
000002361|3|3 models|180|
000002362|1|1 model|920|
000002363|1|1 model|45|
000002374|1|10 models|110|
000002375|1|5 models|45|
000002377|1|3 models|65|
000002378|1|1 model|35|
000002379|1|1 model|90|
000002453|1|1 model|225|
000002459|1|2 models|105|
000002460|1|1 model|100|
000002462|1|1 model|105|
000002468|1|1 model|80|
000002471|1|4 models|95|
000002472|1|1 model|50|
000002473|1|1 model|80|
000002477|1|1 model|45|
000002478|1|1 model|35|
000002479|1|1 model|200|
000002480|1|2 models|80|
000002482|1|1 model|45|
000002485|1|6 models|95|
000002488|1|1 model|80|
000002489|1|1 model|80|
000002490|1|1 model|95|
000002491|1|1 model|70|
000002492|1|1 model|60|
000002493|1|1 model|125|
000002494|1|10 models|90|
000002494|2|20 models|170|
000002496|1|4 models|140|
000002496|2|8 models|270|
000002497|1|1 model|145|
000002498|1|1 model|125|
000002499|1|1 model|135|
000002500|1|1 model|95|
000002507|1|10 models|90|
000002519|1|1 model|110|
000002520|1|1 model|55|
000002521|1|4 models|45|
000002521|2|5 models|50|
000002521|3|9 models|75|
000002521|4|10 models|85|
000002522|1|4 models|50|
000002522|2|5 models|55|
000002522|3|9 models|90|
000002522|4|10 models|100|
000002523|1|4 models|50|
000002523|2|5 models|55|
000002523|3|9 models|90|
000002523|4|10 models|100|
000002528|1|1 model|185|
000002529|1|1 model|70|
000002530|1|1 model|45|
000002531|1|5 models|65|
000002531|2|10 models|110|
000002532|1|5 models|70|
000002532|2|10 models|140|
000002533|1|3 models|90|
000002533|2|6 models|175|
000002534|1|1 model|75|
000002535|1|1 model|50|
000002536|1|5 models|85|
000002536|2|6 models|100|
000002536|3|11 models|190|
000002536|4|12 models|205|
000002537|1|1 model|70|
000002538|1|1 model|115|
000002539|1|2 models|95|
000002539|2|4 models|190|
000002542|1|1 model|100|
000002543|1|1 model|90|
000002544|1|1 model|245|
000002562|1|1 model|130|
000002563|1|1 model|135|
000002564|1|1 model|155|
000002565|1|1 model|140|
000002566|1|1 model|135|
000002570|1|5 models|90|
000002570|2|10 models|170|
000002583|1|10 models|125|
000002584|1|10 models|150|
000002587|1|10 models|90|
000002589|1|2 models|70|
000002590|1|10 models|70|
000002591|1|16 models|85|
000002592|1|7 models|125|
000002593|1|1 model|90|
000002594|1|1 model|65|
000002595|1|1 model|65|
000002596|1|3 models|65|
000002597|1|5 models|70|
000002598|1|10 models|100|
000002600|1|5 models|100|
000002600|2|10 models|200|
000002605|1|1 model|130|
000002606|1|1 model|85|
000002607|1|1 model|55|
000002609|1|5 models|60|
000002610|1|3 models|40|
000002612|1|10 models|75|
000002612|2|20 models|145|
000002613|1|10 models|75|
000002613|2|20 models|145|
000002614|1|10 models|75|
000002614|2|20 models|145|
000002619|1|1 model|145|
000002621|1|1 model|330|
000002622|1|1 model|115|
000002623|1|1 model|100|
000002624|1|1 model|200|
000002625|1|1 model|95|
000002626|1|1 model|60|
000002627|1|10 models|170|
000002627|2|20 models|330|
000002628|1|10 models|65|
000002628|2|20 models|130|
000002632|1|1 model|120|
000002633|1|2 models|95|
000002641|1|1 model|175|
000002677|1|1 model|65|
000002678|1|1 model|80|
000002679|1|1 model|220|
000002682|1|1 model|265|
000002683|1|11 models|85|
000002685|1|11 models|85|
000002686|1|5 models|55|
000002686|2|10 models|110|
000002687|1|11 models|45|
000002687|2|22 models|90|
000002688|1|1 model|130|
000002689|1|1 model|110|
000002691|1|3 models|75|
000002691|2|6 models|150|
000002692|1|3 models|60|
000002692|2|6 models|120|
000002693|1|3 models|55|
000002693|2|6 models|105|
000002694|1|1 model|65|
000002701|1|1 model|70|
000002702|1|1 model|95|
000002703|1|3 models|150|
000002703|2|6 models|300|
000002704|1|1 model|480|
000002706|1|1 model|150|
000002707|1|1 model|55|
000002708|1|1 model|100|
000002709|1|1 model|55|
000002710|1|1 model|220|
000002713|1|1 model|80|
000002718|1|5 models|75|
000002718|2|10 models|150|
000002719|1|1 model|140|
000002720|1|1 model|105|
000002724|1|1 model|495|
000002725|1|5 models|85|
000002726|1|1 model|85|
000002728|1|1 model|115|
000002729|1|1 model|115|
000002730|1|1 model|180|
000002731|1|1 model|65|
000002732|1|3 models|75|
000002733|1|4 models|40|
000002733|2|7 models|70|
000002734|1|3 models|95|
000002735|1|3 models|95|
000002736|1|3 models|130|
000002738|1|1 model|100|
000002739|1|1 model|110|
000002740|1|1 model|85|
000002749|1|1 model|170|
000002750|1|1 model|45|
000002755|1|1 model|90|
000002757|1|1 model|170|
000002758|1|1 model|190|
000002759|1|1 model|70|
000002760|1|1 model|70|
000002761|1|5 models|90|
000002761|2|10 models|180|
000002763|1|1 model|40|
000002764|1|1 model|40|
000002766|1|1 model|55|
000002768|1|1 model|95|
000002771|1|2 models|85|
000002772|1|4 models|105|
000002773|1|1 model|40|
000002775|1|1 model|40|
000002783|1|5 models|100|
000002783|2|10 models|190|
000002792|1|4 models|100|
000002793|1|1 model|70|
000002794|1|1 model|110|
000002795|1|1 model|90|
000002799|1|1 Sword Brother, 5 Initiates and 4 Neophytes|150|
000002799|2|1 Sword Brother, 11 Initiates and 8 Neophytes|290|
000002802|1|1 model|35|
000002803|1|1 model|40|
000002804|1|1 model|30|
000002805|1|1 model|20|
000002806|1|5 models|80|
000002806|2|10 models|160|
000002808|1|1 model|180|
000002809|1|1 model|140|
000002809|2|2 models|280|
000002810|1|1 model|140|
000002811|1|1 model|145|
000003582|1|10 models|180|
000003582|2|20 models|360|
000003583|1|5 models|100|
000003583|2|10 models|190|
000003584|1|5 models|95|
000003584|2|7 models|130|
000003584|3|10 models|190|
000003585|1|1 model|840|
000003586|1|1 model|150|
000003587|1|1 model|160|
000003588|1|1 model|840|
000003589|1|1 model|500|
000003590|1|1 model|400|
000003591|1|1 model|840|
000003592|1|1 model|90|
000003593|1|7 models|125|
000003594|1|1 model|115|
000003595|1|1 model|140|
000003596|1|16 models|85|
000003597|1|1 model|100|
000003598|1|1 model|115|
000003599|1|1 model|140|
000003600|1|1 model|80|
000003601|1|1 model|115|
000003602|1|1 model|140|
000003603|1|1 model|200|
000003604|1|1 model|200|
000003605|1|1 model|200|
000003606|1|1 model|200|
000003607|1|1 model|230|
000003608|1|1 model|230|
000003609|1|1 model|230|
000003610|1|1 model|230|
000003611|1|1 model|220|
000003612|1|1 model|220|
000003613|1|1 model|220|
000003614|1|1 model|220|
000003615|1|1 model|290|
000003616|1|1 model|290|
000003617|1|1 model|290|
000003618|1|1 model|290|
000003619|1|1 model|300|
000003620|1|1 model|300|
000003621|1|1 model|300|
000003622|1|1 model|300|
000003623|1|1 model|160|
000003624|1|1 model|160|
000003625|1|1 model|160|
000003626|1|1 model|160|
000003627|1|1 model|270|
000003628|1|1 model|270|
000003629|1|1 model|270|
000003630|1|1 model|270|
000003631|1|1 model|240|
000003632|1|1 model|240|
000003633|1|1 model|240|
000003634|1|1 model|240|
000003635|1|1 model|900|
000003636|1|1 model|900|
000003637|1|1 model|900|
000003638|1|1 model|900|
000003639|1|1 model|160|
000003640|1|1 model|160|
000003641|1|1 model|160|
000003642|1|1 model|160|
000003643|1|1 model|540|
000003644|1|1 model|540|
000003645|1|1 model|540|
000003646|1|1 model|540|
000003647|1|1 model|160|
000003648|1|1 model|160|
000003649|1|1 model|160|
000003650|1|1 model|160|
000003651|1|1 model|480|
000003652|1|1 model|480|
000003653|1|1 model|480|
000003654|1|1 model|480|
000003655|1|1 model|140|
000003656|1|1 model|140|
000003657|1|1 model|140|
000003658|1|1 model|140|
000003659|1|1 model|115|
000003660|1|1 model|115|
000003661|1|1 model|115|
000003662|1|1 model|115|
000003663|1|1 model|115|
000003664|1|1 model|115|
000003665|1|1 model|115|
000003666|1|1 model|115|
000003667|1|1 model|90|
000003668|1|1 model|90|
000003669|1|1 model|90|
000003670|1|1 model|90|
000003671|1|1 model|250|
000003672|1|1 model|250|
000003673|1|1 model|250|
000003674|1|1 model|250|
000003675|1|1 model|180|
000003676|1|1 model|180|
000003677|1|1 model|180|
000003678|1|1 model|180|
000003679|1|1 model|320|
000003680|1|1 model|320|
000003681|1|1 model|320|
000003682|1|1 model|320|
000003683|1|1 model|160|
000003684|1|1 model|160|
000003685|1|1 model|160|
000003686|1|1 model|160|
000003687|1|1 model|420|
000003688|1|1 model|420|
000003689|1|1 model|420|
000003690|1|1 model|420|
000003693|1|1 model|90|
000003694|1|1 model|55|
000003694|2|2 models|100|
000003694|3|3 models|150|
000003695|1|1 model|50|
000003702|1|1 model|50|
000003703|1|1 model|60|
000003704|1|1 model|45|
000003705|1|1 model|80|
000003707|1|1 model|70|
000003709|1|1 model|70|
000003710|1|10 models|90|
000003711|1|1 model|80|
000003713|1|10 models|50|
000003713|2|20 models|100|
000003714|1|1 model|75|
000003715|1|1 model|75|
000003716|1|5 models|75|
000003716|2|10 models|140|
000003811|1|1 model|45|
000003812|1|1 model|40|
000003814|1|1 model|65|
000003817|1|1 model|180|
000003821|1|11 models|220|
000003822|1|5 models|180|
000003822|2|10 models|330|
000003823|1|3 models|70|
000003823|2|6 models|140|
000003824|1|5 models|160|
000003824|2|10 models|320|
000003825|1|5 models|195|
000003825|2|10 models|210|
000003826|1|5 models|275|
000003826|2|10 models|290|
000003827|1|5 models|170|
000003827|2|10 models|180|
000003828|1|1 model|40|
000003828|2|2 models|80|
000003829|1|1 model|30|
000003831|1|1 model|80|
000003832|1|1 model|70|
000003833|1|1 model|75|
000003834|1|10 models|95|
000003835|1|1 model|145|
000003836|1|5 models|125|
000003836|2|10 models|250|
000003837|1|5 models|140|
000003837|2|10 models|280|
000003839|1|1 model|65|
000003840|1|1 model|60|
000003841|1|1 model|35|
000003842|1|10 models|85|
000003843|1|10 models|95|
000003844|1|1 model|45|
000003845|1|5 models|90|
000003846|1|2 models|55|
000003847|1|1 model|65|
000003848|1|1 model|60|
000003849|1|10 models|50|
000003849|2|20 models|100|
000003850|1|10 models|50|
000003850|2|20 models|100|
000003851|1|8 models|90|
000003851|2|16 models|195|
000003852|1|10 models|70|
000003853|1|10 models|70|
000003854|1|7 models|125|
000003855|1|16 models|85|
000003856|1|4 models|55|
000003857|1|3 models|75|
000003858|1|4 models|40|
000003858|2|7 models|70|
000003859|1|3 models|95|
000003860|1|3 models|95|
000003871|1|1 model|95|
000003872|1|1 model|65|
000003873|1|5 models|180|
000003873|2|10 models|330|
000003875|1|11 models|220|
000003876|1|5 models|100|
000003876|2|10 models|180|
000003877|1|1 model|80|
000003878|1|1 model|80|
000003879|1|1 model|170|
000003880|1|1 model|65|
000003881|1|10 models|85|
000003881|2|20 models|170|
000003882|1|1 model|105|
000003883|1|1 model|60|
000003884|1|1 model|135|
000003885|1|1 model|70|
000003886|1|5 models|125|
000003887|1|1 model|140|
000003888|1|3 models|70|
000003888|2|6 models|140|
000003889|1|6 models|60|
000003890|1|1 model|75|
000003891|1|5 models|60|
000003894|1|3 models|65|
000003895|1|4 models|60|
000003896|1|1 model|95|
000003897|1|2 models|90|
000003898|1|5 models|60|
000003898|2|10 models|110|
000003909|1|1 model|135|
000003911|1|1 model|60|
000003912|1|1 model|60|
000003914|1|1 model|85|
000003915|1|1 model|45|
000003916|1|10 models|110|
000003917|1|10 models|90|
000003919|1|3 models|65|
000003919|2|6 models|120|
000003922|1|5 model|80|
000003937|1|1 model|40|
000003938|1|1 model|55|
000003939|1|5 models|65|
000003940|1|5 models|65|
000003941|1|6 models|65|
000003942|1|1 model|235|
000003943|1|1 model|60|
000003944|1|1 model|290|
000003945|1|1 model|35|
000003946|1|5 models|45|
000003947|1|5 model|80|
000003948|1|10 models|65|
000003948|2|20 models|120|
000003949|1|10 models|65|
000003949|2|20 models|120|
000003950|1|10 models|65|
000003950|2|20 models|145|
000003951|1|1 model|85|
000003952|1|1 model|75|
000003953|1|1 model|90|
000003954|1|1 model|90|
000003955|1|1 model|145|
000003956|1|1 model|110|
000003957|1|1 model|95|
000003958|1|1 model|95|
000003959|1|1 model|45|
000003959|2|2 models|90|
000003960|1|1 model|65|
000003960|2|2 models|130|
000003961|1|1 model|95|
000003962|1|5 models|60|
000003962|2|10 models|120|
000003963|1|1 model|450|
000003964|1|1 model|420|
000003965|1|1 model|450|
000003966|1|1 model|140|
000003967|1|3 models|65|
000003968|1|3 models|65|
000003969|1|5 models|60|
000003969|2|10 models|120|
000003970|1|1 model|145|
000003971|1|1 model|415|
000003972|1|2 models|110|
000003973|1|1 model|420|
000003974|1|1 model|125|
000003975|1|1 model|95|
000003976|1|10 models|110|
000003977|1|5 models|60|
000003977|2|10 models|95|
000003978|1|4 models|75|
000003979|1|1 model|185|
000003980|1|1 model|190|
000003981|1|1 model|170|
000003982|1|1 model|170|
000003983|1|1 model|180|
000003984|1|1 model|150|
000003985|1|1 model|145|
000003986|1|1 model|165|
000003987|1|1 model|260|
000003988|1|1 model|55|
000003988|2|2 models|110|
000003989|1|1 model|410|
000003990|1|1 model|430|
000003991|1|1 model|465|
000003992|1|1 model|110|
000003993|1|1 model|25|
000003994|1|1 model|480|
000003995|1|1 model|105|
000003996|1|1 model|80|
000003997|1|1 model|160|
000003998|1|1 model|40|
000003999|1|1 model|160|
000004000|1|1 model|180|
000004001|1|10 models|110|
000004002|1|1 model|325|
000004003|1|1 model|120|
000004004|1|1 model|85|
000004005|1|3 models|65|
000004006|1|1 model|275|
000004007|1|1 model|115|
000004008|1|1 model|110|
000004009|1|1 model|50|
000004010|1|1 model|50|
000004011|1|1 model|310|
000004012|1|1 model|310|
000004013|1|1 model|285|
000004014|1|1 model|310|
000004015|1|1 model|250|
000004016|1|1 model|270|
000004017|1|1 model|310|
000004018|1|1 model|235|
000004019|1|1 model|125|
000004020|1|1 model|225|
000004021|1|3 models|110|
000004022|1|4 models|35|
000004023|1|1 model|275|
000004024|1|1 model|35|
000004024|2|2 models|70|
000004024|3|3 models|105|
000004025|1|3 models|40|
000004026|1|1 model|80|
000004027|1|1 model|95|
000004028|1|1 model|55|
000004029|1|1 model|415|
000004030|1|1 model|180|
000004031|1|1 model|40|
000004031|2|2 models|80|
000004031|3|3 models|120|
000004032|1|1 model|50|
000004033|1|1 model|50|
000004034|1|1 model|80|
000004035|1|1 model|285|
000004036|1|1 model|90|
000004037|1|1 model|85|
000004038|1|1 model|80|
000004039|1|1 model|100|
000004040|1|1 model|115|
000004041|1|1 model|90|
000004042|1|1 model|100|
000004043|1|5 models|180|
000004043|2|10 models|360|
000004044|1|5 models|125|
000004044|2|10 models|250|
000004045|1|1 model|45|
000004046|1|5 models|90|
000004047|1|2 models|55|
000004048|1|1 model|65|
000004049|1|1 model|60|
000004050|1|10 models|50|
000004050|2|20 models|100|
000004051|1|10 models|50|
000004051|2|20 models|100|
000004052|1|8 models|90|
000004052|2|16 models|195|
000004053|1|10 models|70|
000004054|1|10 models|70|
000004055|1|7 models|125|
000004056|1|16 models|85|
000004057|1|4 models|55|
000004058|1|3 models|75|
000004059|1|4 models|40|
000004059|2|7 models|70|
000004060|1|3 models|95|
000004061|1|3 models|95|
000004062|1|3 models|65|
000004063|1|5 models|125|
000004064|1|5 models|90|
000004064|2|10 models|170|
000004065|1|1 model|60|
000004066|1|5 models|120|
000004066|2|10 models|240|
000004067|1|5 models|110|
000004067|2|10 models|210|
000004068|1|1 model|60|
000004069|1|1 model|80|
000004070|1|1 model|80|
000004071|1|1 model|85|
000004072|1|1 model|80|
000004073|1|5 models|125|
000004073|2|10 models|270|
000004074|1|9 models|100|
000004075|1|9 models|110|
000004076|1|8 models|75|
000004077|1|1 model|340|
000004079|1|5 models|80|
000004079|2|10 models|160|
000004080|1|5 models|85|
000004080|2|10 models|160|
000004081|1|5 models|145|
000004083|1|1 model|120|
000004084|1|1 model|70|
000004085|1|1 model|55|
000004089|1|3 models|95|
000004089|2|6 models|190|
000004090|1|2 models|70|
000004092|1|1 model|175|
000004094|1|1 model|315|
000004095|1|10 models|90|
000004096|1|3 models|90|
000004096|2|6 models|180|
000004098|1|5 models|80|
000004098|2|10 models|155|
000004099|1|6 models|145|
000004100|1|1 model|135|
000004101|1|1 model|105|
000004101|2|2 models|210|
000004102|1|1 model|70|
000004103|1|1 model|100|
000004104|1|1 model|315|
000004106|1|10 models|90|
000004108|1|5 models|75|
000004108|2|10 models|150|
000004109|1|1 model|65|
000004111|1|1 model|280|
000004113|1|10 models|115|
000004114|1|3 models|110|
000004114|2|6 models|220|
000004115|1|1 model|70|
000004115|2|2 models|140|
000004116|1|3 models|45|
000004116|2|6 models|90|
000004118|1|5 models|165|
000004119|1|9 models|65|
000004122|1|3 models|55|
000004122|2|6 models|110|
000004123|1|1 model|305|
000004125|1|3 models|65|
000004125|2|6 models|130|
000004126|1|3 models|80|
000004126|2|6 models|160|
000004127|1|10 models|115|
000004128|1|10 models|90|
000004129|1|1 model|70|
000004130|1|1 model|65|
000004135|1|1 model|50|
000004136|1|1 model|40|
000004137|1|5 models|100|
000004137|2|10 models|200|
000004138|1|5 models|160|
000004138|2|10 models|320|
000004140|1|1 model|85|
000004141|1|1 model|45|
000004142|1|1 model|70|
000004145|1|2 models|110|
000004146|1|1 model|65|
000004146|2|2 models|130|
000004148|1|1 model|100|
000004154|1|1 Sword Brother and 4 Initiates|85|
000004154|2|1 Sword Brother and 9 Initiates|150|
000004154|3|1 Sword Brother, 4 Initiates and 5 Neophytes|135|
000004154|4|1 Sword Brother, 9 Initiates and 10 Neophytes |290|
000004155|1|1 model|100|
000004156|1|10 models|115|
000004158|1|1 model|90|
000004159|1|1 model|60|
000004160|1|1 model|115|
000004161|1|1 model|75|
000004162|1|1 model|80|
000004163|1|2 models|95|
000004163|2|4 models|190|
000004164|1|5 models|85|
000004164|2|6 models|100|
000004164|3|11 models|190|
000004164|4|12 models|205|
000004165|1|1 model|125|
000004166|1|1 model|90|
000004168|1|5 models|65|
000004168|2|10 models|110|
000004169|1|5 models|80|
000004169|2|10 models|160|
000004170|1|3 models|105|
000004170|2|4 models|140|
000004170|3|6 models|210|
000004170|4|7 models|245|
000004171|1|5 models|125|
000004171|2|6 models|150|
000004171|3|10 models|250|
000004171|4|11 models|275|
000004172|1|5 models|125|
000004172|2|6 models|150|
000004172|3|10 models|250|
000004172|4|11 models|275|
000004173|1|2 models|65|
000004174|1|5 models|100|
000004174|2|10 models|200|
000004175|1|5 models|100|
000004175|2|10 models|190|
000004176|1|5 models|70|
000004177|1|2 models|50|
000004178|1|1 model|75|
000004179|1|1 model|75|
000004180|1|1 model|70|
000004181|1|1 model|45|
000004183|1|1 model|155|
000004184|1|1 model|105|
000004186|1|1 model|185|
000004187|1|1 model|100|
000004188|1|6 models|120|
000004189|1|10 models|120|
000004190|1|5 models|145|
000004192|1|1 model|60|
000004193|1|1 model|95|
000004194|1|1 model|85|
000004195|1|1 model|70|
000004195|2|2 models|140|
000004197|1|1 model|95|
000004198|1|1 model|95|
000004199|1|5 models|75|
000004199|2|10 models|150|
000004200|1|1 model|75|
000004200|2|2 models|150|
000004201|1|1 model|85|
000004202|1|1 model|75|
000004203|1|2 models|220|
000004204|1|1 model|80|
000004205|1|1 model|120|
000004210|1|1 model|180|
000004215|1|1 model|135|
000004216|1|1 model|120|
000004217|1|1 model|125|
000004218|1|1 model|65|
000004219|1|1 model|70|
000004219|2|2 models|140|
000004221|1|1 model|175|
000004222|1|1 model|85|
000004223|1|1 model|70|
000004223|2|2 models|140|
000004224|1|10 models|80|
000004225|1|1 model|130|
000004226|1|1 model|130|
000002484|1|1 model (1st-2nd units)|165|
000002484|2|1 model (3rd+ unit)|175|
000002481|1|5 models (1st unit)|75|
000002481|2|10 models (1st unit)|150|
000002481|3|5 models (2nd+ unit)|85|
000002481|4|10 models (2nd+ unit)|160|
000000909|1|10 models (1st-2nd units)|90|
000000909|2|10 models (3rd+ unit)|100|
000000912|1|1 model (1st unit)|180|
000000912|2|1 model (2nd+ unit)|220|
000000901|1|1 model (1st unit)|65|
000000901|2|1 model (2nd+ unit)|75|
000000911|1|1 model (1st to 3rd units)|100|
000000911|2|1 model (4th + unit)|115|
000002483|1|3 models (1st-2nd units)|180|
000002483|2|3 models (3rd+ unit)|190|
000000908|1|5 models (1st-2nd units)|105|
000000908|2|5 models (3rd+ unit)|115|
000000904|1|5 models (1st-2nd units)|75|
000000904|2|10 models (1st-2nd units)|150|
000000904|3|5 models (3rd+ unit)|85|
000000904|4|10 models (3rd+ unit)|160|
000001680|1|1 model (1st unit)|580|
000001680|2|1 model (2nd+ unit)|610|
000002518|1|1 model (1st unit)|110|
000002518|2|1 model (2nd+ unit)|125|
000001460|1|1 model (1st-2nd units)|210|
000001460|2|1 model (3rd+ unit)|225|
000001458|1|1 model (1st-2nd units)|155|
000001458|2|1 model (3rd+ unit)|170|
000001557|1|1 model (1st-2nd units)|165|
000001557|2|1 model (3rd+ unit)|180|
000001461|1|1 model (1st-2nd units)|180|
000001461|2|1 model (3rd+ unit)|200|
000000882|1|4 models (1st to 3rd units)|170|
000000882|2|5 models (1st to 3rd units)|215|
000000882|3|4 models (4th + unit)|180|
000000882|4|5 models (4th + unit)|225|
000001559|1|5 models (1st to 3rd units)|250|
000001559|2|5 models (4th + unit)|260|
000001450|1|4 models (1st unit)|200|
000001450|2|5 models (1st unit)|250|
000001450|3|4 models (2nd+ unit)|220|
000001450|4|5 models (2nd+ unit)|270|
000001564|1|1 model (1st unit)|690|
000001564|2|1 model (2nd+ unit)|740|
000001479|1|1 model (1st unit)|225|
000001479|2|1 model (2nd+ unit)|245|
000000883|1|1 model (1st-2nd units)|170|
000000883|2|1 model (3rd+ unit)|185|
000000884|1|1 model (1st unit)|220|
000000884|2|1 model (2nd+ unit)|240|
000004211|1|5 models (1st-2nd units)|105|
000004211|2|5 models (3rd+ unit)|120|
000004212|1|5 models (1st-2nd units)|115|
000004212|2|5 models (3rd+ unit)|130|
000000852|1|1 model (1st-2nd units)|80|
000000852|2|2 models (1st-2nd units)|160|
000000852|3|3 models (1st-2nd units)|250|
000000852|4|1 model (3rd+ unit)|95|
000000852|5|2 models (3rd+ unit)|175|
000000852|6|3 models (3rd+ unit)|265|
000000845|1|2 models (1st unit)|160|
000000845|2|4 models (1st unit)|320|
000000845|3|2 models (2nd+ unit)|180|
000000845|4|4 models (2nd+ unit)|340|
000002084|1|5 models (1st-2nd units)|80|
000002084|2|10 models (1st-2nd units)|150|
000002084|3|5 models (3rd+ unit)|90|
000002084|4|10 models (3rd+ unit)|160|
000002083|1|5 models (1st-2nd units)|80|
000002083|2|10 models (1st-2nd units)|160|
000002083|3|5 models (3rd+ unit)|90|
000002083|4|10 models (3rd+ unit)|170|
000000850|1|5 models (1st-2nd units)|75|
000000850|2|10 models (1st-2nd units)|155|
000000850|3|5 models (3rd+ unit)|85|
000000850|4|10 models (3rd+ unit)|165|
000000851|1|5 models (1st-2nd units)|75|
000000851|2|10 models (1st-2nd units)|160|
000000851|3|5 models (3rd+ unit)|85|
000000851|4|10 models (3rd+ unit)|170|
000003910|1|1 model (1st unit)|110|
000003910|2|1 model (2nd+ unit)|125|
000000596|1|5 models (1st-2nd units)|120|
000000596|2|10 models (1st-2nd units)|240|
000000596|3|5 models (3rd+ unit)|130|
000000596|4|10 models (3rd+ unit)|250|
000000611|1|1 model (1st unit)|170|
000000611|2|1 model (2nd+ unit)|190|
000000600|1|5 models (1st-2nd units)|95|
000000600|2|10 models (1st-2nd units)|190|
000000600|3|5 models (3rd+ unit)|110|
000000600|4|10 models (3rd+ unit)|205|
000000601|1|5 models (1st-2nd units)|105|
000000601|2|10 models (1st-2nd units)|200|
000000601|3|5 models (3rd+ unit)|125|
000000601|4|10 models (3rd+ unit)|220|
000000614|1|1 model (1st unit)|385|
000000614|2|1 model (2nd+ unit)|405|
000003913|1|1 model (1st unit)|380|
000003913|2|1 model (2nd+ unit)|400|
000002616|1|5 models (1st-2nd units)|60|
000002616|2|10 models (1st-2nd units)|120|
000002616|3|5 models (3rd+ unit)|65|
000002616|4|10 models (3rd+ unit)|125|
000000702|1|1 model (1st unit)|415|
000000702|2|1 model (2nd+ unit)|450|
000000703|1|1 model (1st unit)|385|
000000703|2|1 model (2nd+ unit)|420|
000000704|1|1 model (1st unit)|415|
000000704|2|1 model (2nd+ unit)|450|
000000695|1|1 model (1st unit)|115|
000000695|2|1 model (2nd+ unit)|135|
000000723|1|3 models (1st unit)|90|
000000723|2|6 models (1st unit)|200|
000000723|3|3 models (2nd+ unit)|105|
000000723|4|6 models (2nd+ unit)|215|
000000741|1|1 model (1st-2nd units)|40|
000000741|2|1 model (3rd+ unit)|45|
000000699|1|1 model (1st unit)|125|
000000699|2|1 model (2nd+ unit)|135|
000000705|1|1 model (1st unit)|380|
000000705|2|1 model (2nd+ unit)|410|
000000706|1|1 model (1st unit)|385|
000000706|2|1 model (2nd+ unit)|415|
000000694|1|1 model (1st-2nd units)|125|
000000694|2|1 model (3rd+ unit)|135|
000002615|1|10 models (1st-2nd units)|105|
000002615|2|10 models (3rd+ unit)|120|
000003893|1|5 models (1st-2nd units)|65|
000003893|2|10 models (1st-2nd units)|95|
000003893|3|5 models (3rd+ unit)|75|
000003893|4|10 models (3rd+ unit)|105|
000000700|1|1 model (1st-2nd units)|185|
000000700|2|1 model (3rd+ unit)|195|
000000680|1|1 model (1st-2nd units)|215|
000000680|2|1 model (3rd+ unit)|230|
000000701|1|1 model (1st-2nd units)|180|
000000701|2|1 model (3rd+ unit)|190|
000002741|1|1 model (1st-2nd units)|170|
000002741|2|1 model (3rd+ unit)|180|
000002742|1|1 model (1st-2nd units)|170|
000002742|2|1 model (3rd+ unit)|180|
000002743|1|1 model (1st-2nd units)|180|
000002743|2|1 model (3rd+ unit)|190|
000002744|1|1 model (1st-2nd units)|150|
000002744|2|1 model (3rd+ unit)|160|
000002745|1|1 model (1st-2nd units)|150|
000002745|2|1 model (3rd+ unit)|160|
000000698|1|1 model (1st unit)|150|
000000698|2|1 model (2nd+ unit)|170|
000000719|1|5 models (1st unit)|85|
000000719|2|5 models (2nd+ unit)|95|
000002617|1|1 model (1st unit)|260|
000002617|2|1 model (2nd+ unit)|275|
000003892|1|1 model (1st unit)|290|
000003892|2|1 model (2nd+ unit)|305|
000000707|1|1 model (1st unit)|375|
000000707|2|1 model (2nd+ unit)|405|
000000708|1|1 model (1st unit)|395|
000000708|2|1 model (2nd+ unit)|430|
000000709|1|1 model (1st unit)|430|
000000709|2|1 model (2nd+ unit)|465|
000002746|1|5 models (1st-2nd units)|75|
000002746|2|10 models (1st-2nd units)|150|
000002746|3|5 models (3rd+ unit)|85|
000002746|4|10 models (3rd+ unit)|160|
000000727|1|1 model (1st-2nd units)|170|
000000727|2|1 model (3rd+ unit)|180|
000000697|1|1 model (1st unit)|95|
000000697|2|1 model (2nd+ unit)|115|
000002705|1|1 model (1st-2nd units)|160|
000002705|2|1 model (3rd+ unit)|170|
000002787|1|1 model (1st-2nd units)|160|
000002787|2|1 model (3rd+ unit)|170|
000001667|1|1 model (1st-2nd units)|160|
000001667|2|1 model (3rd+ unit)|170|
000002789|1|1 model (1st-2nd units)|160|
000002789|2|1 model (3rd+ unit)|170|
000001825|1|1 model (1st-2nd units)|150|
000001825|2|1 model (3rd+ unit)|160|
000002788|1|1 model (1st-2nd units)|150|
000002788|2|1 model (3rd+ unit)|160|
000000066|1|1 model (1st-2nd units)|220|
000000066|2|1 model (3rd+ unit)|240|
000004139|1|1 model (1st-2nd units)|220|
000004139|2|1 model (3rd+ unit)|240|
000002796|1|1 model (1st unit)|80|
000002796|2|1 model (2nd+ unit)|90|
000002721|1|1 model (1st-2nd units)|170|
000002721|2|1 model (3rd+ unit)|190|
000002791|1|1 model (1st-2nd units)|170|
000002791|2|1 model (3rd+ unit)|190|
000002722|1|1 model (1st-2nd units)|230|
000002722|2|1 model (3rd+ unit)|250|
000002790|1|1 model (1st-2nd units)|230|
000002790|2|1 model (3rd+ unit)|250|
000002798|1|4 models (1st-2nd units)|105|
000002798|2|5 models (1st-2nd units)|130|
000002798|3|9 models (1st-2nd units)|235|
000002798|4|10 models (1st-2nd units)|260|
000002798|5|4 models (3rd+ unit)|120|
000002798|6|5 models (3rd+ unit)|145|
000002798|7|9 models (3rd+ unit)|250|
000002798|8|10 models (3rd+ unit)|275|
000002099|1|3 models (1st-2nd units)|80|
000002099|2|6 models (1st-2nd units)|165|
000002099|3|3 models (3rd+ unit)|90|
000002099|4|6 models (3rd+ unit)|175|
000002776|1|5 models (1st-2nd units)|85|
000002776|2|10 models (1st-2nd units)|160|
000002776|3|5 models (3rd+ unit)|95|
000002776|4|10 models (3rd+ unit)|170|
000002700|1|1 model (1st unit)|525|
000002700|2|1 model (2nd+ unit)|575|
000000091|1|1 model (1st-2nd units)|150|
000000091|2|1 model (3rd+ unit)|160|
000000071|1|3 models (1st-2nd units)|80|
000000071|2|6 models (1st-2nd units)|160|
000000071|3|3 models (3rd+ unit)|90|
000000071|4|6 models (3rd+ unit)|170|
000000136|1|1 model (1st-2nd units)|150|
000000136|2|1 model (3rd+ unit)|160|
000002270|1|5 models (1st unit)|180|
000002270|2|5 models (2nd+ unit)|210|
000000103|1|3 models (1st-2nd units)|90|
000000103|2|6 models (1st-2nd units)|180|
000000103|3|3 models (3rd+ unit)|100|
000000103|4|6 models (3rd+ unit)|190|
000001159|1|5 models (1st-2nd units)|85|
000001159|2|10 models (1st-2nd units)|150|
000001159|3|5 models (3rd+ unit)|95|
000001159|4|10 models (3rd+ unit)|160|
000000128|1|5 models (1st-2nd units)|110|
000000128|2|10 models (1st-2nd units)|180|
000000128|3|5 models (3rd+ unit)|120|
000000128|4|10 models (3rd+ unit)|190|
000000065|1|1 model (1st-2nd units)|220|
000000065|2|1 model (3rd+ unit)|240|
000002173|1|1 model (1st-2nd units)|250|
000002173|2|1 model (3rd+ unit)|270|
000002714|1|1 model (1st-2nd units)|135|
000002714|2|1 model (3rd+ unit)|145|
000002715|1|1 model (1st-2nd units)|140|
000002715|2|1 model (3rd+ unit)|150|
000002717|1|1 model (1st-2nd units)|195|
000002717|2|1 model (3rd+ unit)|210|
000001160|1|5 models (1st-2nd units)|65|
000001160|2|10 models (1st-2nd units)|120|
000001160|3|5 models (3rd+ unit)|75|
000001160|4|10 models (3rd+ unit)|130|
000001191|1|1 model (1st unit)|280|
000001191|2|1 model (2nd+ unit)|300|
000000124|1|1 model (1st-2nd units)|105|
000000124|2|1 model (3rd+ unit)|115|
000000114|1|1 model (1st-2nd units)|140|
000000114|2|1 model (3rd+ unit)|150|
000001610|1|1 model (1st-2nd units)|135|
000001610|2|1 model (3rd+ unit)|145|
000000147|1|5 models (1st-2nd units)|105|
000000147|2|10 models (1st-2nd units)|210|
000000147|3|5 models (3rd+ unit)|115|
000000147|4|10 models (3rd+ unit)|220|
000001188|1|1 model (1st-2nd units)|185|
000001188|2|1 model (3rd+ unit)|200|
000002727|1|1 model (1st unit)|175|
000002727|2|1 model (2nd+ unit)|195|
000000168|1|1 model (1st-2nd units)|125|
000000168|2|1 model (3rd+ unit)|135|
000000166|1|1 model (1st-2nd units)|150|
000000166|2|1 model (3rd+ unit)|160|
000001997|1|5 models (1st-2nd units)|85|
000001997|2|10 models (1st-2nd units)|160|
000001997|3|5 models (3rd+ unit)|95|
000001997|4|10 models (3rd+ unit)|170|
000002285|1|5 models (1st-2nd units)|80|
000002285|2|10 models (1st-2nd units)|155|
000002285|3|5 models (3rd+ unit)|90|
000002285|4|10 models (3rd+ unit)|165|
000002737|1|5 models (1st-2nd units)|120|
000002737|2|10 models (1st-2nd units)|230|
000002737|3|5 models (3rd+ unit)|135|
000002737|4|10 models (3rd+ unit)|245|
000000165|1|3 models (1st-2nd units)|125|
000000165|2|6 models (1st-2nd units)|260|
000000165|3|3 models (3rd+ unit)|145|
000000165|4|6 models (3rd+ unit)|280|
000000158|1|1 model (1st-2nd units)|75|
000000158|2|1 model (3rd+ unit)|85|
000001115|1|3 models (1st-2nd units)|95|
000001115|2|6 models (1st-2nd units)|190|
000001115|3|3 models (3rd+ unit)|115|
000001115|4|6 models (3rd+ unit)|210|
000002582|1|1 model (1st-2nd units)|320|
000002582|2|1 model (3rd+ unit)|335|
000001130|1|1 model (1st-2nd units)|265|
000001130|2|1 model (3rd+ unit)|280|
000001137|1|1 model (1st-2nd units)|255|
000001137|2|1 model (3rd+ unit)|270|
000001120|1|1 model (1st-2nd units)|320|
000001120|2|1 model (3rd+ unit)|340|
000001111|1|1 model (1st-2nd units)|150|
000001111|2|1 model (3rd+ unit)|170|
000001151|1|1 model (1st-2nd units)|180|
000001151|2|1 model (3rd+ unit)|195|
000001662|1|1 model (1st unit)|785|
000001662|2|1 model (2nd+ unit)|860|
000001099|1|1 model (1st unit)|725|
000001099|2|1 model (2nd+ unit)|800|
000001094|1|1 model (1st unit)|370|
000001094|2|1 model (2nd+ unit)|385|
000001097|1|1 model (1st unit)|395|
000001097|2|1 model (2nd+ unit)|415|
000001096|1|1 model (1st unit)|370|
000001096|2|1 model (2nd+ unit)|385|
000001095|1|1 model (1st unit)|395|
000001095|2|1 model (2nd+ unit)|415|
000001098|1|1 model (1st unit)|375|
000001098|2|1 model (2nd+ unit)|390|
000001100|1|1 model (1st unit)|365|
000001100|2|1 model (2nd+ unit)|380|
000002567|1|1 model (1st-2nd units)|355|
000002567|2|1 model (3rd+ unit)|370|
000001660|1|1 model (1st-2nd units)|355|
000001660|2|1 model (3rd+ unit)|370|
000001658|1|1 model (1st unit)|380|
000001658|2|1 model (2nd+ unit)|400|
000001661|1|1 model (1st-2nd units)|365|
000001661|2|1 model (3rd+ unit)|380|
000004134|1|1 model (1st-2nd units)|340|
000004134|2|1 model (3rd+ unit)|355|
000001659|1|1 model (1st unit)|400|
000001659|2|1 model (2nd+ unit)|420|
000001663|1|1 model (1st-2nd units)|150|
000001663|2|1 model (3rd+ unit)|160|
000002571|1|8 models (1st unit)|90|
000002571|2|16 models (1st unit)|195|
000002571|3|8 models (2nd+ unit)|110|
000002571|4|16 models (2nd+ unit)|215|
000000962|1|1 model (1st-2nd units)|220|
000000962|2|1 model (3rd+ unit)|240|
000002572|1|1 model (1st-2nd units)|145|
000002572|2|1 model (3rd+ unit)|155|
000000963|1|1 model (1st-2nd units)|150|
000000963|2|1 model (3rd+ unit)|160|
000000964|1|1 model (1st-2nd units)|185|
000000964|2|1 model (3rd+ unit)|195|
000000952|1|5 models (1st unit)|135|
000000952|2|10 models (1st unit)|270|
000000952|3|5 models (2nd+ unit)|145|
000000952|4|10 models (2nd+ unit)|280|
000003712|1|1 model (1st-2nd units)|45|
000003712|2|1 model (3rd+ unit)|50|
000002569|1|5 models (1st unit)|90|
000002569|2|5 models (2nd+ unit)|100|
000000969|1|1 model (1st unit)|300|
000000969|2|1 model (2nd+ unit)|340|
000000967|1|1 model (1st-2nd units)|160|
000000967|2|1 model (3rd+ unit)|170|
000000966|1|5 models (1st-2nd units)|125|
000000966|2|5 models (3rd+ unit)|135|
000000970|1|1 model (1st unit)|450|
000000970|2|1 model (2nd+ unit)|475|
000004206|1|3 models (1st-2nd units)|165|
000004206|2|3 models (3rd+ unit)|175|
000000965|1|2 models (1st-2nd units)|160|
000000965|2|2 models (3rd+ unit)|170|
000000953|1|5 models (1st-2nd units)|120|
000000953|2|10 models (1st-2nd units)|250|
000000953|3|5 models (3rd+ unit)|130|
000000953|4|10 models (3rd+ unit)|260|
000000958|1|5 models (1st-2nd units)|110|
000000958|2|10 models (1st-2nd units)|210|
000000958|3|5 models (3rd+ unit)|120|
000000958|4|10 models (3rd+ unit)|220|
000004191|1|5 models (1st-2nd units)|110|
000004191|2|10 models (1st-2nd units)|210|
000004191|3|5 models (3rd+ unit)|120|
000004191|4|10 models (3rd+ unit)|220|
000001586|1|1 model (1st-2nd units)|120|
000001586|2|1 model (3rd+ unit)|130|
000000959|1|5 models (1st-2nd units)|125|
000000959|2|10 models (1st-2nd units)|280|
000000959|3|5 models (3rd+ unit)|135|
000000959|4|10 models (3rd+ unit)|290|
000000231|1|5 models (1st unit)|240|
000000231|2|5 models (2nd+ unit)|260|
000003698|1|3 models (1st-2nd units)|80|
000003698|2|6 models (1st-2nd units)|160|
000003698|3|3 models (3rd+ unit)|90|
000003698|4|6 models (3rd+ unit)|170|
000000242|1|1 model (1st-2nd units)|130|
000000242|2|1 model (3rd+ unit)|140|
000002748|1|3 models (1st-2nd units)|105|
000002748|2|3 models (3rd+ unit)|115|
000001049|1|1 model (1st-2nd units)|220|
000001049|2|1 model (3rd+ unit)|240|
000001050|1|1 model (1st-2nd units)|135|
000001050|2|1 model (3rd+ unit)|145|
000002461|1|1 model (1st-2nd units)|145|
000002461|2|1 model (3rd+ unit)|155|
000001371|1|3 models (1st-2nd units)|160|
000001371|2|6 models (1st-2nd units)|305|
000001371|3|3 models (3rd+ unit)|170|
000001371|4|6 models (3rd+ unit)|315|
000004209|1|1 model (1st unit)|300|
000004209|2|1 model (2nd+ unit)|340|
000001057|1|1 model (1st-2nd units)|100|
000001057|2|1 model (3rd+ unit)|110|
000004110|1|1 model (1st-2nd units)|125|
000004110|2|1 model (3rd+ unit)|135|
000001376|1|1 model (1st unit)|185|
000001376|2|1 model (2nd+ unit)|210|
000004112|1|1 model (1st-2nd units)|265|
000004112|2|1 model (3rd+ unit)|280|
000002780|1|10 models (1st-2nd units)|195|
000002780|2|10 models (3rd+ unit)|210|
000002781|1|10 models (1st-2nd units)|275|
000002781|2|10 models (3rd+ unit)|290|
000002779|1|10 models (1st-2nd units)|170|
000002779|2|10 models (3rd+ unit)|180|
000003874|1|10 models (1st-2nd units)|265|
000003874|2|10 models (3rd+ unit)|280|
000003815|1|1 model|95|
000000659|1|5 models (1st-2nd units)|90|
000000659|2|10 models (1st-2nd units)|180|
000000659|3|5 models (3rd+ unit)|100|
000000659|4|10 models (3rd+ unit)|190|
000000648|1|5 models (1st-2nd units)|90|
000000648|2|10 models (1st-2nd units)|180|
000000648|3|5 models (3rd+ unit)|100|
000000648|4|10 models (3rd+ unit)|190|
000000649|1|5 models (1st-2nd units)|80|
000000649|2|10 models (1st-2nd units)|160|
000000649|3|5 models (3rd+ unit)|90|
000000649|4|10 models (3rd+ unit)|170|
000000658|1|3 models (1st-2nd units)|75|
000000658|2|6 models (1st-2nd units)|150|
000000658|3|3 models (3rd+ unit)|85|
000000658|4|6 models (3rd+ unit)|160|
000000662|1|5 models (1st-2nd units)|110|
000000662|2|5 models (3rd+ unit)|120|
000004157|1|5 models (1st-2nd units)|75|
000004157|2|5 models (3rd+ unit)|85|
000000663|1|1 model (1st-2nd units)|75|
000000663|2|2 models (1st-2nd units)|150|
000000663|3|1 model (3rd+ unit)|85|
000000663|4|2 models (3rd+ unit)|160|
000004082|1|1 model (1st-2nd units)|220|
000004082|2|1 model (3rd+ unit)|240|
000004086|1|1 model (1st unit)|170|
000004086|2|1 model (2nd+ unit)|185|
000004087|1|1 model (1st unit)|205|
000004087|2|1 model (2nd+ unit)|235|
000004208|1|1 model (1st unit)|300|
000004208|2|1 model (2nd+ unit)|340|
000004078|1|1 model (1st-2nd units)|80|
000004078|2|1 model (3rd+ unit)|90|
000004091|1|1 model (1st-2nd units)|120|
000004091|2|1 model (3rd+ unit)|130|
000004088|1|6 models (1st-2nd units)|145|
000004088|2|6 models (3rd+ unit)|160|
000004097|1|1 model (1st-2nd units)|255|
000004097|2|1 model (3rd+ unit)|270|
000000514|1|5 models (1st-2nd units)|140|
000000514|2|10 models (1st-2nd units)|280|
000000514|3|5 models (3rd+ unit)|150|
000000514|4|10 models (3rd+ unit)|290|
000001546|1|1 model (1st-2nd units)|85|
000001546|2|1 model (3rd+ unit)|95|
000001573|1|1 model (1st-2nd units)|95|
000001573|2|2 models (1st-2nd units)|160|
000001573|3|1 model (3rd+ unit)|105|
000001573|4|2 models (3rd+ unit)|170|
000000521|1|1 model (1st-2nd units)|120|
000000521|2|1 model (3rd+ unit)|130|
000000513|1|5 models (1st-2nd units)|75|
000000513|2|10 models (1st-2nd units)|140|
000000513|3|5 models (3rd+ unit)|85|
000000513|4|10 models (3rd+ unit)|150|
000000515|1|5 models (1st-2nd units)|75|
000000515|2|10 models (1st-2nd units)|140|
000000515|3|5 models (3rd+ unit)|85|
000000515|4|10 models (3rd+ unit)|150|
000001361|1|1 model (1st unit)|90|
000001361|2|1 model (2nd+ unit)|100|
000001360|1|1 model (1st-2nd units)|200|
000001360|2|1 model (3rd+ unit)|215|
000001197|1|1 model (1st unit)|805|
000001197|2|1 model (2nd+ unit)|855|
000000387|1|5 models (1st-2nd units)|125|
000000387|2|10 models (1st-2nd units)|250|
000000387|3|5 models (3rd+ unit)|135|
000000387|4|10 models (3rd+ unit)|260|
000000391|1|1 model (1st-2nd units)|220|
000000391|2|1 model (3rd+ unit)|240|
000000392|1|1 model (1st-2nd units)|220|
000000392|2|1 model (3rd+ unit)|240|
000000393|1|1 model (1st-2nd units)|250|
000000393|2|1 model (3rd+ unit)|270|
000000389|1|1 model (1st-2nd units)|195|
000000389|2|1 model (3rd+ unit)|210|
000000384|1|4 models (1st-2nd units)|170|
000000384|2|5 models (1st-2nd units)|215|
000000384|3|8 models (1st-2nd units)|360|
000000384|4|10 models (1st-2nd units)|450|
000000384|5|4 models (3rd+ unit)|185|
000000384|6|5 models (3rd+ unit)|230|
000000384|7|8 models (3rd+ unit)|375|
000000384|8|10 models (3rd+ unit)|465|
000000388|1|5 models (1st-2nd units)|110|
000000388|2|10 models (1st-2nd units)|220|
000000388|3|5 models (3rd+ unit)|120|
000000388|4|10 models (3rd+ unit)|230|
000000383|1|5 models (1st-2nd units)|130|
000000383|2|10 models (1st-2nd units)|260|
000000383|3|5 models (3rd+ unit)|140|
000000383|4|10 models (3rd+ unit)|270|
000000398|1|1 model (1st unit)|280|
000000398|2|1 model (2nd+ unit)|300|
000000400|1|1 model (1st-2nd units)|130|
000000400|2|1 model (3rd+ unit)|140|
000000872|1|1 model|110|
000003813|1|5 models|190|
000000877|1|1 model|65|
000000876|1|1 model|95|
000002090|1|1 model|110|
000002767|1|6 models|60|
000002767|2|12 models|120|
000004214|1|1 model|100|
000002765|1|1 model|75|
000002762|1|4 models|105|
000003818|1|10 models|110|
000002684|1|11 models|100|
000000870|1|1 model|125|
000002509|1|6 models|70|
000001664|1|1 model (1st unit)|785|
000001664|2|1 model (2nd+ unit)|860|
000000860|1|1 model (1st unit)|725|
000000860|2|1 model (2nd+ unit)|800|
000000861|1|1 model (1st unit)|380|
000000861|2|1 model (2nd+ unit)|395|
000000862|1|1 model (1st unit)|405|
000000862|2|1 model (2nd+ unit)|425|
000000863|1|1 model (1st unit)|380|
000000863|2|1 model (2nd+ unit)|395|
000000864|1|1 model (1st unit)|415|
000000864|2|1 model (2nd+ unit)|435|
000001485|1|1 model (1st unit)|425|
000001485|2|1 model (2nd+ unit)|450|
000000859|1|1 model (1st unit)|395|
000000859|2|1 model (2nd+ unit)|415|
000004149|1|1 model (1st unit)|400|
000004149|2|1 model (2nd+ unit)|420|
000004213|1|1 model (1st-2nd units)|265|
000004213|2|1 model (3rd+ unit)|280|
000000856|1|1 model (1st-2nd units)|355|
000000856|2|1 model (3rd+ unit)|370|
000000858|1|1 model (1st-2nd units)|355|
000000858|2|1 model (3rd+ unit)|370|
000000855|1|1 model (1st-2nd units)|375|
000000855|2|1 model (3rd+ unit)|390|
000001483|1|1 model (1st-2nd units)|365|
000001483|2|1 model (3rd+ unit)|380|
000001486|1|1 model (1st-2nd units)|400|
000001486|2|1 model (3rd+ unit)|415|
000000857|1|1 model (1st-2nd units)|375|
000000857|2|1 model (3rd+ unit)|390|
000000865|1|1 model (1st unit)|385|
000000865|2|1 model (2nd+ unit)|400|
000000866|1|1 model (1st unit)|375|
000000866|2|1 model (2nd+ unit)|390|
000002603|1|3 models (1st-2nd units)|80|
000002603|2|6 models (1st-2nd units)|160|
000002603|3|3 models (3rd+ unit)|90|
000002603|4|6 models (3rd+ unit)|170|
000002599|1|5 models (1st-2nd units)|130|
000002599|2|10 models (1st-2nd units)|270|
000002599|3|5 models (3rd+ unit)|140|
000002599|4|10 models (3rd+ unit)|280|
000002604|1|1 model (1st unit)|250|
000002604|2|1 model (2nd+ unit)|265|
000002601|1|3 models (1st-2nd units)|80|
000002601|2|6 models (1st-2nd units)|160|
000002601|3|3 models (3rd+ unit)|90|
000002601|4|6 models (3rd+ unit)|170|
000004143|1|3 models (1st-2nd units)|80|
000004143|2|6 models (1st-2nd units)|160|
000004143|3|3 models (3rd+ unit)|90|
000004143|4|6 models (3rd+ unit)|170|
000004144|1|3 models (1st-2nd units)|80|
000004144|2|6 models (1st-2nd units)|160|
000004144|3|3 models (3rd+ unit)|90|
000004144|4|6 models (3rd+ unit)|170|
000000546|1|3 models (1st unit)|95|
000000546|2|6 models (1st unit)|220|
000000546|3|3 models (2nd+ unit)|115|
000000546|4|6 models (2nd+ unit)|240|
000002354|1|1 model (1st unit)|70|
000002354|2|1 model (2nd+ unit)|80|
000000537|1|5 models (1st-2nd units)|60|
000000537|2|10 models (1st-2nd units)|120|
000000537|3|5 models (3rd+ unit)|70|
000000537|4|10 models (3rd+ unit)|130|
000000554|1|1 model (1st-2nd units)|210|
000000554|2|1 model (3rd+ unit)|230|
000002359|1|1 model (1st-2nd units)|40|
000002359|2|2 models (1st-2nd units)|55|
000002359|3|3 models (1st-2nd units)|80|
000002359|4|6 models (1st-2nd units)|170|
000002359|5|1 model (3rd+ unit)|50|
000002359|6|2 models (3rd+ unit)|65|
000002359|7|3 models (3rd+ unit)|90|
000002359|8|6 models (3rd+ unit)|180|
000002116|1|1 model (1st-2nd units)|50|
000002116|2|2 models (1st-2nd units)|100|
000002116|3|3 models (1st-2nd units)|160|
000002116|4|1 model (3rd+ unit)|60|
000002116|5|2 models (3rd+ unit)|110|
000002116|6|3 models (3rd+ unit)|170|
000000552|1|1 model (1st unit)|420|
000000552|2|1 model (2nd+ unit)|440|
000000557|1|1 model (1st unit)|280|
000000557|2|1 model (2nd+ unit)|310|
000002358|1|3 models (1st-2nd units)|80|
000002358|2|6 models (1st-2nd units)|145|
000002358|3|3 models (3rd+ unit)|90|
000002358|4|6 models (3rd+ unit)|155|
000001577|1|1 model (1st unit)|540|
000001577|2|1 model (2nd+ unit)|570|
000002110|1|3 models (1st-2nd units)|85|
000002110|2|6 models (1st-2nd units)|170|
000002110|3|3 models (3rd+ unit)|95|
000002110|4|6 models (3rd+ unit)|180|
000002352|1|1 model (1st unit)|80|
000002352|2|1 model (2nd+ unit)|90|
000000556|1|1 model (1st unit)|465|
000000556|2|1 model (2nd+ unit)|485|
000000548|1|3 models (1st-2nd units)|70|
000000548|2|6 models (1st-2nd units)|140|
000000548|3|3 models (3rd+ unit)|80|
000000548|4|6 models (3rd+ unit)|150|
000000555|1|1 model (1st unit)|340|
000000555|2|1 model (2nd+ unit)|360|
000000540|1|1 model (1st-2nd units)|110|
000000540|2|1 model (3rd+ unit)|120|
000001536|1|1 model (1st-2nd units)|70|
000001536|2|1 model (3rd+ unit)|80|
000003861|1|6 models (1st-2nd units)|125|
000003861|2|6 models (3rd+ unit)|135|
000000040|1|1 model (1st-2nd units)|110|
000000040|2|1 model (3rd+ unit)|120|
000000045|1|5 models (1st-2nd units)|75|
000000045|2|10 models (1st-2nd units)|150|
000000045|3|5 models (3rd+ unit)|85|
000000045|4|10 models (3rd+ unit)|160|
000000059|1|1 model (1st unit)|440|
000000059|2|1 model (2nd+ unit)|490|
000000043|1|1 model (1st-2nd units)|255|
000000043|2|1 model (3rd+ unit)|275|
000000041|1|3 models (1st-2nd units)|120|
000000041|2|6 models (1st-2nd units)|240|
000000041|3|3 models (3rd+ unit)|130|
000000041|4|6 models (3rd+ unit)|250|
000000044|1|5 models (1st-2nd units)|50|
000000044|2|10 models (1st-2nd units)|100|
000000044|3|5 models (3rd+ unit)|60|
000000044|4|10 models (3rd+ unit)|110|
000000024|1|2 models (1st-2nd units)|60|
000000024|2|3 models (1st-2nd units)|90|
000000024|3|5 models (1st-2nd units)|150|
000000024|4|6 models (1st-2nd units)|180|
000000024|5|2 models (3rd+ unit)|80|
000000024|6|3 models (3rd+ unit)|110|
000000024|7|5 models (3rd+ unit)|170|
000000024|8|6 models (3rd+ unit)|200|
000000038|1|1 model (1st-2nd units)|45|
000000038|2|2 models (1st-2nd units)|90|
000000038|3|3 models (1st-2nd units)|135|
000000038|4|1 model (3rd+ unit)|55|
000000038|5|2 models (3rd+ unit)|100|
000000038|6|3 models (3rd+ unit)|145|
000000042|1|1 model (1st-2nd units)|270|
000000042|2|1 model (3rd+ unit)|290|
000000021|1|5 models (1st-2nd units)|105|
000000021|2|10 models (1st-2nd units)|210|
000000021|3|5 models (3rd+ unit)|115|
000000021|4|10 models (3rd+ unit)|220|
000000046|1|1 model (1st unit)|600|
000000046|2|1 model (2nd+ unit)|700|
000000020|1|6 models (1st-2nd units)|125|
000000020|2|6 models (3rd+ unit)|135|
000000034|1|1 model|60|
000004185|1|3 models (1st unit)|110|
000004185|2|6 models (1st unit)|230|
000004185|3|3 models (2nd+ unit)|130|
000004185|4|6 models (2nd+ unit)|250|
000000323|1|5 models (1st-2nd units)|45|
000000323|2|10 models (1st-2nd units)|75|
000000323|3|5 models (3rd+ unit)|50|
000000323|4|10 models (3rd+ unit)|80|
000000322|1|3 models (1st-2nd units)|100|
000000322|2|6 models (1st-2nd units)|200|
000000322|3|3 models (3rd+ unit)|110|
000000322|4|6 models (3rd+ unit)|210|
000002801|1|1 model (1st-2nd units)|125|
000002801|2|1 model (3rd+ unit)|135|
000004131|1|3 Wolf Guard Headtakers (1st-2nd units)|85|
000004131|2|3 Wolf Guard Headtakers, 3 Hunting Wolves (1st-2nd units)|115|
000004131|3|6 Wolf Guard Headtakers (1st-2nd units)|170|
000004131|4|6 Wolf Guard Headtakers, 6 Hunting Wolves (1st-2nd units)|230|
000004131|5|3 Wolf Guard Headtakers (3rd+ unit)|95|
000004131|6|3 Wolf Guard Headtakers, 3 Hunting Wolves (3rd+ unit)|125|
000004131|7|6 Wolf Guard Headtakers (3rd+ unit)|180|
000004131|8|6 Wolf Guard Headtakers, 6 Hunting Wolves (3rd+ unit)|240|
000000318|1|5 models (1st unit)|150|
000000318|2|10 models (1st unit)|300|
000000318|3|5 models (2nd+ unit)|165|
000000318|4|10 models (2nd+ unit)|315|
000000311|1|5 models (1st-2nd units)|85|
000000311|2|10 models (1st-2nd units)|170|
000000311|3|5 models (3rd+ unit)|95|
000000311|4|10 models (3rd+ unit)|180|
000004133|1|1 model (1st-2nd units)|135|
000004133|2|1 model (3rd+ unit)|145|
000004132|1|5 models (1st-2nd units)|100|
000004132|2|10 models (1st-2nd units)|200|
000004132|3|5 models (3rd+ unit)|110|
000004132|4|10 models (3rd+ unit)|210|
000000455|1|1 model (1st unit)|315|
000000455|2|1 model (2nd+ unit)|375|
000000433|1|1 model (1st-2nd units)|75|
000000433|2|2 models (1st-2nd units)|150|
000000433|3|3 models (1st-2nd units)|255|
000000433|4|1 model (3rd+ unit)|95|
000000433|5|2 models (3rd+ unit)|170|
000000433|6|3 models (3rd+ unit)|275|
000003700|1|3 models (1st-2nd units)|100|
000003700|2|3 models (3rd+ unit)|110|
000003701|1|3 models (1st-2nd units)|90|
000003701|2|3 models (3rd+ unit)|100|
000003699|1|3 models (1st-2nd units)|125|
000003699|2|3 models (3rd+ unit)|135|
000000420|1|1 model (1st-2nd units)|150|
000000420|2|1 model (3rd+ unit)|165|
000000432|1|1 model (1st-2nd units)|150|
000000432|2|1 model (3rd+ unit)|160|
000002588|1|12 models (1st-2nd units)|75|
000002588|2|12 models (3rd+ unit)|85|
000003706|1|3 models (1st-2nd units)|85|
000003706|2|6 models (1st-2nd units)|170|
000003706|3|3 models (3rd+ unit)|95|
000003706|4|6 models (3rd+ unit)|180|
000000423|1|1 model (1st-2nd units)|65|
000000423|2|2 models (1st-2nd units)|110|
000000423|3|3 models (1st-2nd units)|165|
000000423|4|1 model (3rd+ unit)|75|
000000423|5|2 models (3rd+ unit)|120|
000000423|6|3 models (3rd+ unit)|175|
000000421|1|1 model (1st-2nd units)|190|
000000421|2|1 model (3rd+ unit)|220|
000000417|1|5 models (1st-2nd units)|100|
000000417|2|5 models (3rd+ unit)|110|
000000434|1|1 model (1st unit)|375|
000000434|2|1 model (2nd+ unit)|400|
000000446|1|1 model (1st unit)|790|
000000446|2|1 model (2nd+ unit)|890|
000000454|1|1 model (1st unit)|375|
000000454|2|1 model (2nd+ unit)|425|
000001025|1|1 model (1st-2nd units)|220|
000001025|2|1 model (3rd+ unit)|240|
000002501|1|1 model (1st-2nd units)|140|
000002501|2|1 model (3rd+ unit)|150|
000001026|1|1 model (1st-2nd units)|140|
000001026|2|1 model (3rd+ unit)|150|
000001027|1|1 model (1st-2nd units)|185|
000001027|2|1 model (3rd+ unit)|195|
000004120|1|1 model (1st unit)|170|
000004120|2|1 model (2nd+ unit)|180|
000001030|1|1 model (1st unit)|300|
000001030|2|1 model (2nd+ unit)|340|
000001028|1|1 model (1st-2nd units)|135|
000001028|2|1 model (3rd+ unit)|145|
000001029|1|1 model (1st-2nd units)|120|
000001029|2|1 model (3rd+ unit)|130|
000001476|1|1 model (1st-2nd units)|170|
000001476|2|1 model (3rd+ unit)|190|
000001020|1|5 models (1st to 3rd units)|100|
000001020|2|10 models (1st to 3rd units)|190|
000001020|3|5 models (4th + unit)|110|
000001020|4|10 models (4th + unit)|200|
000001035|1|5 models (1st-2nd units)|180|
000001035|2|10 models (1st-2nd units)|385|
000001035|3|5 models (3rd+ unit)|195|
000001035|4|10 models (3rd+ unit)|400|
000001017|1|1 model (1st-2nd units)|95|
000001017|2|1 model (3rd+ unit)|105|
000004124|1|1 model (1st-2nd units)|320|
000004124|2|1 model (3rd+ unit)|340|
000000495|1|1 model (1st-2nd units)|140|
000000495|2|1 model (3rd+ unit)|150|
000000467|1|5 models (1st-2nd units)|75|
000000467|2|10 models (1st-2nd units)|140|
000000467|3|5 models (3rd+ unit)|85|
000000467|4|10 models (3rd+ unit)|150|
000000504|1|1 model (1st unit)|610|
000000504|2|1 model (2nd+ unit)|660|
000000478|1|1 model (1st-2nd units)|125|
000000478|2|1 model (3rd+ unit)|135|
000000505|1|1 model (1st unit)|810|
000000505|2|1 model (2nd+ unit)|910|
000000472|1|3 models (1st-2nd units)|80|
000000472|2|6 models (1st-2nd units)|160|
000000472|3|3 models (3rd+ unit)|90|
000000472|4|6 models (3rd+ unit)|170|
000004117|1|5 models (1st-2nd units)|165|
000004117|2|5 models (3rd+ unit)|175|
000000474|1|1 model (1st-2nd units)|190|
000000474|2|1 model (3rd+ unit)|200|
000002753|1|1 model (1st-2nd units)|80|
000002753|2|1 model (3rd+ unit)|90|
000002752|1|1 model (1st unit)|250|
000002752|2|1 model (2nd+ unit)|270|
000002751|1|1 model (1st unit)|250|
000002751|2|1 model (2nd+ unit)|270|
000000477|1|1 model (1st-2nd units)|45|
000000477|2|2 models (1st-2nd units)|65|
000000477|3|3 models (1st-2nd units)|95|
000000477|4|1 model (3rd+ unit)|55|
000000477|5|2 models (3rd+ unit)|75|
000000477|6|3 models (3rd+ unit)|105|
000000482|1|5 models (1st-2nd units)|125|
000000482|2|5 models (3rd+ unit)|135|
000002690|1|1 model (1st-2nd units)|125|
000002690|2|1 model (3rd+ unit)|135|
000000496|1|1 model (1st-2nd units)|180|
000000496|2|1 model (3rd+ unit)|190|
000002634|1|1 model (1st-2nd units)|220|
000002634|2|1 model (3rd+ unit)|240|
000002637|1|1 model (1st-2nd units)|130|
000002637|2|1 model (3rd+ unit)|140|
000002629|1|5 models (1st-2nd units)|165|
000002629|2|10 models (1st-2nd units)|330|
000002629|3|5 models (3rd+ unit)|175|
000002629|4|10 models (3rd+ unit)|340|
000004207|1|1 model (1st unit)|270|
000004207|2|1 model (2nd+ unit)|310|
000002630|1|3 models (1st-2nd units)|125|
000002630|2|6 models (1st-2nd units)|255|
000002630|3|3 models (3rd+ unit)|140|
000002630|4|6 models (3rd+ unit)|270|
000002631|1|3 models (1st-2nd units)|130|
000002631|2|6 models (1st-2nd units)|265|
000002631|3|3 models (3rd+ unit)|145|
000002631|4|6 models (3rd+ unit)|280|
000002638|1|1 model (1st-2nd units)|140|
000002638|2|1 model (3rd+ unit)|155|
000002642|1|1 model (1st unit)|505|
000002642|2|1 model (2nd+ unit)|535|
000002639|1|1 model (1st-2nd units)|140|
000002639|2|1 model (3rd+ unit)|150|
000004107|1|3 models (1st-2nd units)|95|
000004107|2|6 models (1st-2nd units)|190|
000004107|3|3 models (3rd+ unit)|115|
000004107|4|6 models (3rd+ unit)|210|
000004105|1|1 model (1st-2nd units)|320|
000004105|2|1 model (3rd+ unit)|335|
000000910|1|1 model (1st to 3rd units)|65|
000000910|2|1 model (4th + unit)|75|
000002066|1|5 models (1st-2nd units)|75|
000002066|2|10 models (1st-2nd units)|150|
000002066|3|5 models (3rd+ unit)|85|
000002066|4|10 models (3rd+ unit)|160|
000002524|1|1 model (1st to 3rd units)|65|
000002524|2|1 model (4th + unit)|75|
000001561|1|3 models (1st-2nd units)|150|
000001561|2|6 models (1st-2nd units)|300|
000001561|3|3 models (3rd+ unit)|160|
000001561|4|6 models (3rd+ unit)|310|
000000844|1|5 models|65|
000000844|2|10 models|130|
000001650|1|1 model (1st to 3rd units)|75|
000001650|2|1 model (4th + unit)|85|
000004196|1|5 models|75|
000004196|2|10 models|140|
000000599|1|1 model (1st to 3rd units)|115|
000000599|2|1 model (4th + unit)|125|
000002541|1|1 model (1st to 3rd units)|70|
000002541|2|1 model (4th + unit)|80|
000002540|1|1 model|115|
000003918|1|5 models (1st-2nd units)|80|
000003918|2|10 models (1st-2nd units)|160|
000003918|3|5 models (3rd+ unit)|90|
000003918|4|10 models (3rd+ unit)|170|
000003920|1|1 model (1st to 3rd units)|70|
000003920|2|1 model (4th + unit)|80|
000003921|1|1 model (1st to 3rd units)|65|
000003921|2|1 model (4th + unit)|75|
000004220|1|1 model (1st to 3rd units)|65|
000004220|2|1 model (4th + unit)|75|
000000692|1|1 model (1st to 3rd units)|75|
000000692|2|1 model (4th + unit)|85|
000000693|1|1 model (1st to 3rd units)|65|
000000693|2|1 model (4th + unit)|75|
000000721|1|1 model (1st to 3rd units)|75|
000000721|2|1 model (4th + unit)|85|
000002568|1|1 model (1st to 3rd units)|70|
000002568|2|1 model (4th + unit)|80|
000002786|1|1 model (1st to 3rd units)|70|
000002786|2|1 model (4th + unit)|80|
000000087|1|1 model (1st to 3rd units)|60|
000000087|2|1 model (4th + unit)|70|
000002711|1|1 model|105|
000002712|1|3 models|70|
000002712|2|6 models|140|
000002712|3|+ 1 Invader ATV|60|
000000129|1|1 model (1st to 3rd units)|85|
000000129|2|1 model (4th + unit)|95|
000002723|1|1 model (1st to 3rd units)|65|
000002723|2|1 model (4th + unit)|75|
000002266|1|1 model (1st-2nd units)|70|
000002266|2|1 model (3rd+ unit)|80|
000000956|1|1 model (1st to 3rd units)|65|
000000956|2|1 model (4th + unit)|75|
000000241|1|3 models|75|
000000241|2|6 models|150|
000001047|1|1 model (1st to 3rd units)|75|
000001047|2|1 model (4th + unit)|85|
000000656|1|1 model (1st to 3rd units)|75|
000000656|2|1 model (4th + unit)|85|
000000665|1|1 model|110|
000000657|1|1 model (1st to 3rd units)|65|
000000657|2|1 model (4th + unit)|75|
000004093|1|1 model (1st to 3rd units)|70|
000004093|2|1 model (4th + unit)|80|
000001574|1|5 models (1st-2nd units)|85|
000001574|2|10 models (1st-2nd units)|150|
000001574|3|9 models (1st-2nd units)|160|
000001574|4|5 models (3rd+ unit)|95|
000001574|5|10 models (3rd+ unit)|160|
000001574|6|9 models (3rd+ unit)|170|
000000516|1|1 model (1st to 3rd units)|75|
000000516|2|1 model (4th + unit)|85|
000002525|1|1 model (1st-2nd units)|70|
000002525|2|1 model (3rd+ unit)|80|
000000382|1|4 models|140|
000000382|2|5 models|175|
000000382|3|8 models|300|
000000382|4|10 models|360|
000000395|1|1 model (1st to 3rd units)|75|
000000395|2|1 model (4th + unit)|85|
000000396|1|1 model (1st to 3rd units)|70|
000000396|2|1 model (4th + unit)|80|
000003816|1|5 models|100|
000003816|2|10 models|190|
000003830|1|1 model (1st to 3rd units)|65|
000003830|2|1 model (4th + unit)|75|
000003820|1|1 model (1st to 3rd units)|60|
000003820|2|1 model (4th + unit)|70|
000003819|1|1 model (1st to 3rd units)|105|
000003819|2|1 model (4th + unit)|115|
000002769|1|1 model (1st-2nd units)|150|
000002769|2|1 model (3rd+ unit)|160|
000004147|1|1 model (1st to 3rd units)|70|
000004147|2|1 model (4th + unit)|80|
000002602|1|1 model (1st to 3rd units)|85|
000002602|2|1 model (4th + unit)|95|
000002109|1|1 model (1st-2nd units)|90|
000002109|2|1 model (3rd+ unit)|100|
000000016|1|10 models (1st to 3rd units)|75|
000000016|2|20 models (1st to 3rd units)|160|
000000016|3|10 models (4th + unit)|85|
000000016|4|20 models (4th + unit)|170|
000000017|1|10 Gretchin|45|
000000017|2|1 Runtherd, 10 Gretchin|45|
000000017|3|20 Gretchin|80|
000000017|4|1 Runtherd, 20 Gretchin|85|
000000017|5|2 Runtherd, 20 Gretchin|90|
000000026|1|1 model (1st to 3rd units)|55|
000000026|2|1 model (4th + unit)|65|
000004167|1|1 model|90|
000004182|1|6 models|90|
000004182|2|12 models|180|
000000424|1|1 model (1st to 3rd units)|75|
000000424|2|1 model (4th + unit)|85|
000000422|1|10 models (1st-2nd units)|85|
000000422|2|10 models (3rd+ unit)|100|
000000436|1|1 model|85|
000000436|2|+ 1 Tidewall Defence Platform|20|
000001022|1|1 model (1st to 3rd units)|80|
000001022|2|1 model (4th + unit)|90|
000004121|1|2 models (1st-2nd units)|85|
000004121|2|4 models (1st-2nd units)|175|
000004121|3|2 models (3rd+ unit)|100|
000004121|4|4 models (3rd+ unit)|190|
000001016|1|1 model (1st-2nd units)|85|
000001016|2|1 model (3rd+ unit)|95|
000000489|1|1 model (1st to 3rd units)|80|
000000489|2|1 model (4th + unit)|90|
000002636|1|1 model (1st-2nd units)|130|
000002636|2|1 model (3rd+ unit)|140|
000002640|1|1 model (1st to 3rd units)|75|
000002640|2|1 model (4th + unit)|85|
000000125|1|3 models (1st-2nd units)|125|
000000125|2|3 models (3rd+ unit)|140|
